condition,target.adjective,target.noun,target.color,itemid,adjectivetype,Window,Region,totalLooks,Proportion
contrast,big,square,red,23,rel,adjective,competitor,27,0.192857142857143
contrast,big,square,red,23,rel,adjective,distractor,46,0.328571428571429
contrast,big,square,red,23,rel,adjective,distractor.contrast,39,0.278571428571429
contrast,big,square,red,23,rel,adjective,target,28,0.2
contrast,big,square,red,23,rel,noun,competitor,22,0.140127388535032
contrast,big,square,red,23,rel,noun,distractor,4,0.0254777070063694
contrast,big,square,red,23,rel,noun,distractor.contrast,40,0.254777070063694
contrast,big,square,red,23,rel,noun,target,91,0.579617834394904
contrast,big,square,red,23,rel,prior,competitor,17,0.236111111111111
contrast,big,square,red,23,rel,prior,distractor,23,0.319444444444444
contrast,big,square,red,23,rel,prior,distractor.contrast,23,0.319444444444444
contrast,big,square,red,23,rel,prior,target,9,0.125
contrast,big,triangle,yellow,33,rel,adjective,competitor,119,0.506382978723404
contrast,big,triangle,yellow,33,rel,adjective,distractor,75,0.319148936170213
contrast,big,triangle,yellow,33,rel,adjective,distractor.contrast,19,0.0808510638297872
contrast,big,triangle,yellow,33,rel,adjective,target,22,0.0936170212765957
contrast,big,triangle,yellow,33,rel,noun,competitor,39,0.184834123222749
contrast,big,triangle,yellow,33,rel,noun,distractor,21,0.0995260663507109
contrast,big,triangle,yellow,33,rel,noun,distractor.contrast,48,0.227488151658768
contrast,big,triangle,yellow,33,rel,noun,target,103,0.488151658767773
contrast,big,triangle,yellow,33,rel,prior,competitor,7,0.104477611940299
contrast,big,triangle,yellow,33,rel,prior,distractor,4,0.0597014925373134
contrast,big,triangle,yellow,33,rel,prior,distractor.contrast,37,0.552238805970149
contrast,big,triangle,yellow,33,rel,prior,target,19,0.283582089552239
contrast,closed,circle,blue,17,max,adjective,competitor,38,0.136690647482014
contrast,closed,circle,blue,17,max,adjective,distractor,46,0.165467625899281
contrast,closed,circle,blue,17,max,adjective,distractor.contrast,58,0.20863309352518
contrast,closed,circle,blue,17,max,adjective,target,136,0.489208633093525
contrast,closed,circle,blue,17,max,noun,competitor,40,0.25
contrast,closed,circle,blue,17,max,noun,distractor,16,0.1
contrast,closed,circle,blue,17,max,noun,distractor.contrast,42,0.2625
contrast,closed,circle,blue,17,max,noun,target,62,0.3875
contrast,closed,circle,blue,17,max,prior,distractor,46,0.528735632183908
contrast,closed,circle,blue,17,max,prior,distractor.contrast,24,0.275862068965517
contrast,closed,circle,blue,17,max,prior,target,17,0.195402298850575
contrast,closed,circle,green,12,max,adjective,competitor,39,0.102094240837696
contrast,closed,circle,green,12,max,adjective,distractor,79,0.206806282722513
contrast,closed,circle,green,12,max,adjective,distractor.contrast,70,0.183246073298429
contrast,closed,circle,green,12,max,adjective,target,194,0.507853403141361
contrast,closed,circle,green,12,max,noun,competitor,18,0.105882352941176
contrast,closed,circle,green,12,max,noun,distractor,12,0.0705882352941176
contrast,closed,circle,green,12,max,noun,distractor.contrast,27,0.158823529411765
contrast,closed,circle,green,12,max,noun,target,113,0.664705882352941
contrast,closed,circle,green,12,max,prior,competitor,46,0.377049180327869
contrast,closed,circle,green,12,max,prior,distractor,13,0.10655737704918
contrast,closed,circle,green,12,max,prior,distractor.contrast,11,0.0901639344262295
contrast,closed,circle,green,12,max,prior,target,52,0.426229508196721
contrast,empty,cube,transparent,15,max,adjective,competitor,64,0.227758007117438
contrast,empty,cube,transparent,15,max,adjective,distractor,43,0.153024911032028
contrast,empty,cube,transparent,15,max,adjective,distractor.contrast,36,0.128113879003559
contrast,empty,cube,transparent,15,max,adjective,target,138,0.491103202846975
contrast,empty,cube,transparent,15,max,noun,competitor,81,0.36986301369863
contrast,empty,cube,transparent,15,max,noun,distractor,12,0.0547945205479452
contrast,empty,cube,transparent,15,max,noun,distractor.contrast,21,0.0958904109589041
contrast,empty,cube,transparent,15,max,noun,target,105,0.479452054794521
contrast,empty,cube,transparent,15,max,prior,competitor,9,0.103448275862069
contrast,empty,cube,transparent,15,max,prior,distractor,1,0.0114942528735632
contrast,empty,cube,transparent,15,max,prior,distractor.contrast,38,0.436781609195402
contrast,empty,cube,transparent,15,max,prior,target,39,0.448275862068966
contrast,empty,cylinder,transparent,20,max,adjective,competitor,127,0.405750798722045
contrast,empty,cylinder,transparent,20,max,adjective,distractor,13,0.0415335463258786
contrast,empty,cylinder,transparent,20,max,adjective,distractor.contrast,69,0.220447284345048
contrast,empty,cylinder,transparent,20,max,adjective,target,104,0.332268370607029
contrast,empty,cylinder,transparent,20,max,noun,competitor,55,0.218253968253968
contrast,empty,cylinder,transparent,20,max,noun,distractor,18,0.0714285714285714
contrast,empty,cylinder,transparent,20,max,noun,distractor.contrast,41,0.162698412698413
contrast,empty,cylinder,transparent,20,max,noun,target,138,0.547619047619048
contrast,empty,cylinder,transparent,20,max,prior,competitor,57,0.448818897637795
contrast,empty,cylinder,transparent,20,max,prior,distractor,25,0.196850393700787
contrast,empty,cylinder,transparent,20,max,prior,distractor.contrast,22,0.173228346456693
contrast,empty,cylinder,transparent,20,max,prior,target,23,0.181102362204724
contrast,flat,circle,green,11,max,adjective,competitor,32,0.139130434782609
contrast,flat,circle,green,11,max,adjective,distractor,51,0.221739130434783
contrast,flat,circle,green,11,max,adjective,distractor.contrast,21,0.091304347826087
contrast,flat,circle,green,11,max,adjective,target,126,0.547826086956522
contrast,flat,circle,green,11,max,noun,competitor,29,0.172619047619048
contrast,flat,circle,green,11,max,noun,distractor,9,0.0535714285714286
contrast,flat,circle,green,11,max,noun,distractor.contrast,34,0.202380952380952
contrast,flat,circle,green,11,max,noun,target,96,0.571428571428571
contrast,flat,circle,green,11,max,prior,competitor,4,0.043010752688172
contrast,flat,circle,green,11,max,prior,distractor,35,0.376344086021505
contrast,flat,circle,green,11,max,prior,distractor.contrast,40,0.43010752688172
contrast,flat,circle,green,11,max,prior,target,14,0.150537634408602
contrast,flat,triangle,yellow,16,max,adjective,competitor,68,0.217252396166134
contrast,flat,triangle,yellow,16,max,adjective,distractor,104,0.332268370607029
contrast,flat,triangle,yellow,16,max,adjective,distractor.contrast,75,0.23961661341853
contrast,flat,triangle,yellow,16,max,adjective,target,66,0.210862619808307
contrast,flat,triangle,yellow,16,max,noun,competitor,51,0.242857142857143
contrast,flat,triangle,yellow,16,max,noun,distractor,43,0.204761904761905
contrast,flat,triangle,yellow,16,max,noun,distractor.contrast,64,0.304761904761905
contrast,flat,triangle,yellow,16,max,noun,target,52,0.247619047619048
contrast,flat,triangle,yellow,16,max,prior,competitor,36,0.342857142857143
contrast,flat,triangle,yellow,16,max,prior,distractor,21,0.2
contrast,flat,triangle,yellow,16,max,prior,distractor.contrast,8,0.0761904761904762
contrast,flat,triangle,yellow,16,max,prior,target,40,0.380952380952381
contrast,full,cube,yellow,14,max,adjective,competitor,65,0.216666666666667
contrast,full,cube,yellow,14,max,adjective,distractor,1,0.00333333333333333
contrast,full,cube,yellow,14,max,adjective,distractor.contrast,96,0.32
contrast,full,cube,yellow,14,max,adjective,target,138,0.46
contrast,full,cube,yellow,14,max,noun,competitor,37,0.165919282511211
contrast,full,cube,yellow,14,max,noun,distractor,12,0.0538116591928251
contrast,full,cube,yellow,14,max,noun,distractor.contrast,62,0.278026905829596
contrast,full,cube,yellow,14,max,noun,target,112,0.502242152466368
contrast,full,cube,yellow,14,max,prior,competitor,42,0.403846153846154
contrast,full,cube,yellow,14,max,prior,distractor,28,0.269230769230769
contrast,full,cube,yellow,14,max,prior,distractor.contrast,20,0.192307692307692
contrast,full,cube,yellow,14,max,prior,target,14,0.134615384615385
contrast,full,cylinder,blue,19,max,adjective,competitor,47,0.145962732919255
contrast,full,cylinder,blue,19,max,adjective,distractor,73,0.226708074534162
contrast,full,cylinder,blue,19,max,adjective,distractor.contrast,94,0.291925465838509
contrast,full,cylinder,blue,19,max,adjective,target,108,0.335403726708075
contrast,full,cylinder,blue,19,max,noun,competitor,47,0.233830845771144
contrast,full,cylinder,blue,19,max,noun,distractor,15,0.0746268656716418
contrast,full,cylinder,blue,19,max,noun,distractor.contrast,32,0.159203980099502
contrast,full,cylinder,blue,19,max,noun,target,107,0.532338308457711
contrast,full,cylinder,blue,19,max,prior,competitor,37,0.359223300970874
contrast,full,cylinder,blue,19,max,prior,distractor,14,0.135922330097087
contrast,full,cylinder,blue,19,max,prior,distractor.contrast,6,0.058252427184466
contrast,full,cylinder,blue,19,max,prior,target,46,0.446601941747573
contrast,long,line,green,31,rel,adjective,competitor,65,0.273109243697479
contrast,long,line,green,31,rel,adjective,distractor,29,0.121848739495798
contrast,long,line,green,31,rel,adjective,distractor.contrast,54,0.226890756302521
contrast,long,line,green,31,rel,adjective,target,90,0.378151260504202
contrast,long,line,green,31,rel,noun,competitor,55,0.284974093264249
contrast,long,line,green,31,rel,noun,distractor.contrast,25,0.129533678756477
contrast,long,line,green,31,rel,noun,target,113,0.585492227979275
contrast,long,line,green,31,rel,prior,distractor,18,0.253521126760563
contrast,long,line,green,31,rel,prior,distractor.contrast,22,0.309859154929577
contrast,long,line,green,31,rel,prior,target,31,0.436619718309859
contrast,long,line,red,21,rel,adjective,competitor,111,0.376271186440678
contrast,long,line,red,21,rel,adjective,distractor,20,0.0677966101694915
contrast,long,line,red,21,rel,adjective,distractor.contrast,50,0.169491525423729
contrast,long,line,red,21,rel,adjective,target,114,0.386440677966102
contrast,long,line,red,21,rel,noun,competitor,45,0.215311004784689
contrast,long,line,red,21,rel,noun,distractor.contrast,12,0.0574162679425837
contrast,long,line,red,21,rel,noun,target,152,0.727272727272727
contrast,long,line,red,21,rel,prior,competitor,13,0.171052631578947
contrast,long,line,red,21,rel,prior,distractor,11,0.144736842105263
contrast,long,line,red,21,rel,prior,distractor.contrast,34,0.447368421052632
contrast,long,line,red,21,rel,prior,target,18,0.236842105263158
contrast,narrow,oval,red,36,rel,adjective,competitor,162,0.515923566878981
contrast,narrow,oval,red,36,rel,adjective,distractor,56,0.178343949044586
contrast,narrow,oval,red,36,rel,adjective,distractor.contrast,73,0.232484076433121
contrast,narrow,oval,red,36,rel,adjective,target,23,0.0732484076433121
contrast,narrow,oval,red,36,rel,noun,competitor,58,0.379084967320261
contrast,narrow,oval,red,36,rel,noun,distractor,11,0.0718954248366013
contrast,narrow,oval,red,36,rel,noun,distractor.contrast,38,0.248366013071895
contrast,narrow,oval,red,36,rel,noun,target,46,0.300653594771242
contrast,narrow,oval,red,36,rel,prior,competitor,9,0.107142857142857
contrast,narrow,oval,red,36,rel,prior,distractor,26,0.30952380952381
contrast,narrow,oval,red,36,rel,prior,distractor.contrast,34,0.404761904761905
contrast,narrow,oval,red,36,rel,prior,target,15,0.178571428571429
contrast,narrow,rectangle,red,26,rel,adjective,competitor,79,0.230320699708455
contrast,narrow,rectangle,red,26,rel,adjective,distractor.contrast,97,0.282798833819242
contrast,narrow,rectangle,red,26,rel,adjective,target,167,0.486880466472303
contrast,narrow,rectangle,red,26,rel,noun,competitor,25,0.117370892018779
contrast,narrow,rectangle,red,26,rel,noun,distractor.contrast,36,0.169014084507042
contrast,narrow,rectangle,red,26,rel,noun,target,152,0.713615023474178
contrast,narrow,rectangle,red,26,rel,prior,competitor,4,0.0470588235294118
contrast,narrow,rectangle,red,26,rel,prior,distractor,26,0.305882352941176
contrast,narrow,rectangle,red,26,rel,prior,distractor.contrast,33,0.388235294117647
contrast,narrow,rectangle,red,26,rel,prior,target,22,0.258823529411765
contrast,short,cylinder,green,38,rel,adjective,competitor,147,0.412921348314607
contrast,short,cylinder,green,38,rel,adjective,distractor,83,0.23314606741573
contrast,short,cylinder,green,38,rel,adjective,distractor.contrast,51,0.143258426966292
contrast,short,cylinder,green,38,rel,adjective,target,75,0.210674157303371
contrast,short,cylinder,green,38,rel,noun,competitor,76,0.387755102040816
contrast,short,cylinder,green,38,rel,noun,distractor,13,0.0663265306122449
contrast,short,cylinder,green,38,rel,noun,distractor.contrast,35,0.178571428571429
contrast,short,cylinder,green,38,rel,noun,target,72,0.36734693877551
contrast,short,cylinder,green,38,rel,prior,competitor,17,0.197674418604651
contrast,short,cylinder,green,38,rel,prior,distractor,59,0.686046511627907
contrast,short,cylinder,green,38,rel,prior,distractor.contrast,6,0.0697674418604651
contrast,short,cylinder,green,38,rel,prior,target,4,0.0465116279069767
contrast,short,line,blue,22,rel,adjective,competitor,106,0.323170731707317
contrast,short,line,blue,22,rel,adjective,distractor,21,0.0640243902439024
contrast,short,line,blue,22,rel,adjective,distractor.contrast,72,0.219512195121951
contrast,short,line,blue,22,rel,adjective,target,129,0.393292682926829
contrast,short,line,blue,22,rel,noun,competitor,22,0.171875
contrast,short,line,blue,22,rel,noun,distractor.contrast,28,0.21875
contrast,short,line,blue,22,rel,noun,target,78,0.609375
contrast,short,line,blue,22,rel,prior,competitor,25,0.271739130434783
contrast,short,line,blue,22,rel,prior,distractor,11,0.119565217391304
contrast,short,line,blue,22,rel,prior,distractor.contrast,44,0.478260869565217
contrast,short,line,blue,22,rel,prior,target,12,0.130434782608696
contrast,short,line,red,32,rel,adjective,competitor,60,0.15748031496063
contrast,short,line,red,32,rel,adjective,distractor,63,0.165354330708661
contrast,short,line,red,32,rel,adjective,distractor.contrast,110,0.288713910761155
contrast,short,line,red,32,rel,adjective,target,148,0.388451443569554
contrast,short,line,red,32,rel,noun,distractor.contrast,13,0.0909090909090909
contrast,short,line,red,32,rel,noun,target,130,0.909090909090909
contrast,short,line,red,32,rel,prior,competitor,29,0.292929292929293
contrast,short,line,red,32,rel,prior,distractor,31,0.313131313131313
contrast,short,line,red,32,rel,prior,distractor.contrast,18,0.181818181818182
contrast,short,line,red,32,rel,prior,target,21,0.212121212121212
contrast,short,spiral,red,28,rel,adjective,competitor,80,0.226628895184136
contrast,short,spiral,red,28,rel,adjective,distractor,45,0.127478753541076
contrast,short,spiral,red,28,rel,adjective,distractor.contrast,80,0.226628895184136
contrast,short,spiral,red,28,rel,adjective,target,148,0.419263456090652
contrast,short,spiral,red,28,rel,noun,competitor,46,0.278787878787879
contrast,short,spiral,red,28,rel,noun,distractor,5,0.0303030303030303
contrast,short,spiral,red,28,rel,noun,distractor.contrast,11,0.0666666666666667
contrast,short,spiral,red,28,rel,noun,target,103,0.624242424242424
contrast,short,spiral,red,28,rel,prior,competitor,40,0.449438202247191
contrast,short,spiral,red,28,rel,prior,distractor,27,0.303370786516854
contrast,short,spiral,red,28,rel,prior,distractor.contrast,3,0.0337078651685393
contrast,short,spiral,red,28,rel,prior,target,19,0.213483146067416
contrast,small,square,blue,34,rel,adjective,competitor,155,0.423497267759563
contrast,small,square,blue,34,rel,adjective,distractor,110,0.300546448087432
contrast,small,square,blue,34,rel,adjective,distractor.contrast,34,0.092896174863388
contrast,small,square,blue,34,rel,adjective,target,67,0.183060109289617
contrast,small,square,blue,34,rel,noun,competitor,59,0.406896551724138
contrast,small,square,blue,34,rel,noun,distractor,30,0.206896551724138
contrast,small,square,blue,34,rel,noun,distractor.contrast,24,0.16551724137931
contrast,small,square,blue,34,rel,noun,target,32,0.220689655172414
contrast,small,square,blue,34,rel,prior,competitor,12,0.137931034482759
contrast,small,square,blue,34,rel,prior,distractor,51,0.586206896551724
contrast,small,square,blue,34,rel,prior,distractor.contrast,4,0.0459770114942529
contrast,small,square,blue,34,rel,prior,target,20,0.229885057471264
contrast,small,triangle,yellow,24,rel,adjective,competitor,131,0.389880952380952
contrast,small,triangle,yellow,24,rel,adjective,distractor,60,0.178571428571429
contrast,small,triangle,yellow,24,rel,adjective,distractor.contrast,33,0.0982142857142857
contrast,small,triangle,yellow,24,rel,adjective,target,112,0.333333333333333
contrast,small,triangle,yellow,24,rel,noun,competitor,38,0.238993710691824
contrast,small,triangle,yellow,24,rel,noun,distractor,17,0.106918238993711
contrast,small,triangle,yellow,24,rel,noun,distractor.contrast,48,0.30188679245283
contrast,small,triangle,yellow,24,rel,noun,target,56,0.352201257861635
contrast,small,triangle,yellow,24,rel,prior,competitor,36,0.387096774193548
contrast,small,triangle,yellow,24,rel,prior,distractor,27,0.290322580645161
contrast,small,triangle,yellow,24,rel,prior,distractor.contrast,3,0.032258064516129
contrast,small,triangle,yellow,24,rel,prior,target,27,0.290322580645161
contrast,straight,line,blue,13,max,adjective,competitor,75,0.291828793774319
contrast,straight,line,blue,13,max,adjective,distractor,53,0.206225680933852
contrast,straight,line,blue,13,max,adjective,distractor.contrast,101,0.392996108949416
contrast,straight,line,blue,13,max,adjective,target,28,0.108949416342412
contrast,straight,line,blue,13,max,noun,competitor,55,0.354838709677419
contrast,straight,line,blue,13,max,noun,distractor.contrast,18,0.116129032258065
contrast,straight,line,blue,13,max,noun,target,82,0.529032258064516
contrast,straight,line,blue,13,max,prior,competitor,13,0.183098591549296
contrast,straight,line,blue,13,max,prior,distractor,1,0.0140845070422535
contrast,straight,line,blue,13,max,prior,distractor.contrast,45,0.633802816901408
contrast,straight,line,blue,13,max,prior,target,12,0.169014084507042
contrast,straight,line,red,18,max,adjective,competitor,98,0.235576923076923
contrast,straight,line,red,18,max,adjective,distractor,90,0.216346153846154
contrast,straight,line,red,18,max,adjective,distractor.contrast,68,0.163461538461538
contrast,straight,line,red,18,max,adjective,target,160,0.384615384615385
contrast,straight,line,red,18,max,noun,competitor,92,0.502732240437158
contrast,straight,line,red,18,max,noun,distractor.contrast,41,0.224043715846995
contrast,straight,line,red,18,max,noun,target,50,0.273224043715847
contrast,straight,line,red,18,max,prior,competitor,13,0.10077519379845
contrast,straight,line,red,18,max,prior,distractor,90,0.697674418604651
contrast,straight,line,red,18,max,prior,target,26,0.201550387596899
contrast,tall,cylinder,yellow,37,rel,adjective,competitor,91,0.369918699186992
contrast,tall,cylinder,yellow,37,rel,adjective,distractor,8,0.032520325203252
contrast,tall,cylinder,yellow,37,rel,adjective,distractor.contrast,31,0.126016260162602
contrast,tall,cylinder,yellow,37,rel,adjective,target,116,0.471544715447154
contrast,tall,cylinder,yellow,37,rel,noun,competitor,11,0.0733333333333333
contrast,tall,cylinder,yellow,37,rel,noun,distractor,25,0.166666666666667
contrast,tall,cylinder,yellow,37,rel,noun,distractor.contrast,29,0.193333333333333
contrast,tall,cylinder,yellow,37,rel,noun,target,85,0.566666666666667
contrast,tall,cylinder,yellow,37,rel,prior,competitor,40,0.645161290322581
contrast,tall,cylinder,yellow,37,rel,prior,distractor,13,0.209677419354839
contrast,tall,cylinder,yellow,37,rel,prior,distractor.contrast,9,0.145161290322581
contrast,tall,spiral,blue,27,rel,adjective,competitor,71,0.275193798449612
contrast,tall,spiral,blue,27,rel,adjective,distractor,70,0.271317829457364
contrast,tall,spiral,blue,27,rel,adjective,distractor.contrast,53,0.205426356589147
contrast,tall,spiral,blue,27,rel,adjective,target,64,0.248062015503876
contrast,tall,spiral,blue,27,rel,noun,competitor,72,0.36734693877551
contrast,tall,spiral,blue,27,rel,noun,distractor,21,0.107142857142857
contrast,tall,spiral,blue,27,rel,noun,distractor.contrast,9,0.0459183673469388
contrast,tall,spiral,blue,27,rel,noun,target,94,0.479591836734694
contrast,tall,spiral,blue,27,rel,prior,competitor,3,0.0283018867924528
contrast,tall,spiral,blue,27,rel,prior,distractor,64,0.60377358490566
contrast,tall,spiral,blue,27,rel,prior,distractor.contrast,39,0.367924528301887
contrast,thick,line,blue,39,rel,adjective,competitor,22,0.129411764705882
contrast,thick,line,blue,39,rel,adjective,distractor,29,0.170588235294118
contrast,thick,line,blue,39,rel,adjective,distractor.contrast,69,0.405882352941176
contrast,thick,line,blue,39,rel,adjective,target,50,0.294117647058824
contrast,thick,line,blue,39,rel,noun,competitor,61,0.269911504424779
contrast,thick,line,blue,39,rel,noun,distractor,6,0.0265486725663717
contrast,thick,line,blue,39,rel,noun,distractor.contrast,19,0.084070796460177
contrast,thick,line,blue,39,rel,noun,target,140,0.619469026548673
contrast,thick,line,blue,39,rel,prior,competitor,20,0.3125
contrast,thick,line,blue,39,rel,prior,distractor,18,0.28125
contrast,thick,line,blue,39,rel,prior,distractor.contrast,26,0.40625
contrast,thick,line,yellow,29,rel,adjective,competitor,63,0.277533039647577
contrast,thick,line,yellow,29,rel,adjective,distractor,31,0.136563876651982
contrast,thick,line,yellow,29,rel,adjective,distractor.contrast,51,0.224669603524229
contrast,thick,line,yellow,29,rel,adjective,target,82,0.361233480176211
contrast,thick,line,yellow,29,rel,noun,competitor,53,0.230434782608696
contrast,thick,line,yellow,29,rel,noun,distractor,12,0.0521739130434783
contrast,thick,line,yellow,29,rel,noun,distractor.contrast,28,0.121739130434783
contrast,thick,line,yellow,29,rel,noun,target,137,0.595652173913043
contrast,thick,line,yellow,29,rel,prior,competitor,14,0.159090909090909
contrast,thick,line,yellow,29,rel,prior,distractor,19,0.215909090909091
contrast,thick,line,yellow,29,rel,prior,distractor.contrast,4,0.0454545454545455
contrast,thick,line,yellow,29,rel,prior,target,51,0.579545454545455
contrast,thin,line,blue,30,rel,adjective,competitor,57,0.167647058823529
contrast,thin,line,blue,30,rel,adjective,distractor,20,0.0588235294117647
contrast,thin,line,blue,30,rel,adjective,distractor.contrast,113,0.332352941176471
contrast,thin,line,blue,30,rel,adjective,target,150,0.441176470588235
contrast,thin,line,blue,30,rel,noun,competitor,50,0.246305418719212
contrast,thin,line,blue,30,rel,noun,distractor.contrast,24,0.118226600985222
contrast,thin,line,blue,30,rel,noun,target,129,0.635467980295567
contrast,thin,line,blue,30,rel,prior,distractor,26,0.218487394957983
contrast,thin,line,blue,30,rel,prior,distractor.contrast,36,0.302521008403361
contrast,thin,line,blue,30,rel,prior,target,57,0.478991596638655
contrast,thin,line,red,40,rel,adjective,competitor,72,0.194070080862534
contrast,thin,line,red,40,rel,adjective,distractor,131,0.353099730458221
contrast,thin,line,red,40,rel,adjective,distractor.contrast,42,0.113207547169811
contrast,thin,line,red,40,rel,adjective,target,126,0.339622641509434
contrast,thin,line,red,40,rel,noun,competitor,43,0.22279792746114
contrast,thin,line,red,40,rel,noun,distractor.contrast,5,0.0259067357512953
contrast,thin,line,red,40,rel,noun,target,145,0.751295336787565
contrast,thin,line,red,40,rel,prior,competitor,40,0.363636363636364
contrast,thin,line,red,40,rel,prior,distractor,36,0.327272727272727
contrast,thin,line,red,40,rel,prior,target,34,0.309090909090909
contrast,wide,oval,green,25,rel,adjective,competitor,146,0.350961538461538
contrast,wide,oval,green,25,rel,adjective,distractor,150,0.360576923076923
contrast,wide,oval,green,25,rel,adjective,distractor.contrast,90,0.216346153846154
contrast,wide,oval,green,25,rel,adjective,target,30,0.0721153846153846
contrast,wide,oval,green,25,rel,noun,competitor,25,0.423728813559322
contrast,wide,oval,green,25,rel,noun,distractor,19,0.322033898305085
contrast,wide,oval,green,25,rel,noun,distractor.contrast,2,0.0338983050847458
contrast,wide,oval,green,25,rel,noun,target,13,0.220338983050847
contrast,wide,oval,green,25,rel,prior,competitor,22,0.22680412371134
contrast,wide,oval,green,25,rel,prior,distractor,47,0.484536082474227
contrast,wide,oval,green,25,rel,prior,distractor.contrast,28,0.288659793814433
contrast,wide,rectangle,yellow,35,rel,adjective,competitor,74,0.259649122807018
contrast,wide,rectangle,yellow,35,rel,adjective,distractor,78,0.273684210526316
contrast,wide,rectangle,yellow,35,rel,adjective,distractor.contrast,87,0.305263157894737
contrast,wide,rectangle,yellow,35,rel,adjective,target,46,0.16140350877193
contrast,wide,rectangle,yellow,35,rel,noun,competitor,14,0.111111111111111
contrast,wide,rectangle,yellow,35,rel,noun,distractor.contrast,20,0.158730158730159
contrast,wide,rectangle,yellow,35,rel,noun,target,92,0.73015873015873
contrast,wide,rectangle,yellow,35,rel,prior,competitor,25,0.367647058823529
contrast,wide,rectangle,yellow,35,rel,prior,distractor,21,0.308823529411765
contrast,wide,rectangle,yellow,35,rel,prior,distractor.contrast,13,0.191176470588235
contrast,wide,rectangle,yellow,35,rel,prior,target,9,0.132352941176471
nocontrast,big,square,red,23,rel,adjective,competitor,66,0.265060240963855
nocontrast,big,square,red,23,rel,adjective,distractor,41,0.164658634538153
nocontrast,big,square,red,23,rel,adjective,distractor.contrast,65,0.261044176706827
nocontrast,big,square,red,23,rel,adjective,target,77,0.309236947791165
nocontrast,big,square,red,23,rel,noun,competitor,74,0.296
nocontrast,big,square,red,23,rel,noun,distractor.contrast,6,0.024
nocontrast,big,square,red,23,rel,noun,target,170,0.68
nocontrast,big,square,red,23,rel,prior,competitor,35,0.402298850574713
nocontrast,big,square,red,23,rel,prior,distractor,8,0.0919540229885057
nocontrast,big,square,red,23,rel,prior,distractor.contrast,15,0.172413793103448
nocontrast,big,square,red,23,rel,prior,target,29,0.333333333333333
nocontrast,big,triangle,yellow,33,rel,adjective,competitor,95,0.350553505535055
nocontrast,big,triangle,yellow,33,rel,adjective,distractor,11,0.040590405904059
nocontrast,big,triangle,yellow,33,rel,adjective,distractor.contrast,111,0.409594095940959
nocontrast,big,triangle,yellow,33,rel,adjective,target,54,0.199261992619926
nocontrast,big,triangle,yellow,33,rel,noun,competitor,65,0.302325581395349
nocontrast,big,triangle,yellow,33,rel,noun,distractor.contrast,19,0.0883720930232558
nocontrast,big,triangle,yellow,33,rel,noun,target,131,0.609302325581395
nocontrast,big,triangle,yellow,33,rel,prior,competitor,37,0.362745098039216
nocontrast,big,triangle,yellow,33,rel,prior,distractor,11,0.107843137254902
nocontrast,big,triangle,yellow,33,rel,prior,distractor.contrast,30,0.294117647058824
nocontrast,big,triangle,yellow,33,rel,prior,target,24,0.235294117647059
nocontrast,closed,circle,blue,17,max,adjective,competitor,81,0.232758620689655
nocontrast,closed,circle,blue,17,max,adjective,distractor,52,0.149425287356322
nocontrast,closed,circle,blue,17,max,adjective,distractor.contrast,77,0.221264367816092
nocontrast,closed,circle,blue,17,max,adjective,target,138,0.396551724137931
nocontrast,closed,circle,blue,17,max,noun,competitor,29,0.161111111111111
nocontrast,closed,circle,blue,17,max,noun,distractor,25,0.138888888888889
nocontrast,closed,circle,blue,17,max,noun,distractor.contrast,17,0.0944444444444444
nocontrast,closed,circle,blue,17,max,noun,target,109,0.605555555555556
nocontrast,closed,circle,blue,17,max,prior,competitor,9,0.103448275862069
nocontrast,closed,circle,blue,17,max,prior,distractor,19,0.218390804597701
nocontrast,closed,circle,blue,17,max,prior,distractor.contrast,34,0.390804597701149
nocontrast,closed,circle,blue,17,max,prior,target,25,0.28735632183908
nocontrast,closed,circle,green,12,max,adjective,competitor,104,0.338762214983713
nocontrast,closed,circle,green,12,max,adjective,distractor,49,0.159609120521173
nocontrast,closed,circle,green,12,max,adjective,distractor.contrast,15,0.0488599348534202
nocontrast,closed,circle,green,12,max,adjective,target,139,0.452768729641694
nocontrast,closed,circle,green,12,max,noun,competitor,46,0.302631578947368
nocontrast,closed,circle,green,12,max,noun,distractor,13,0.0855263157894737
nocontrast,closed,circle,green,12,max,noun,target,93,0.611842105263158
nocontrast,closed,circle,green,12,max,prior,competitor,30,0.4
nocontrast,closed,circle,green,12,max,prior,distractor,27,0.36
nocontrast,closed,circle,green,12,max,prior,distractor.contrast,18,0.24
nocontrast,empty,cube,transparent,15,max,adjective,competitor,116,0.376623376623377
nocontrast,empty,cube,transparent,15,max,adjective,distractor,12,0.038961038961039
nocontrast,empty,cube,transparent,15,max,adjective,distractor.contrast,33,0.107142857142857
nocontrast,empty,cube,transparent,15,max,adjective,target,147,0.477272727272727
nocontrast,empty,cube,transparent,15,max,noun,competitor,80,0.343347639484979
nocontrast,empty,cube,transparent,15,max,noun,distractor.contrast,2,0.00858369098712446
nocontrast,empty,cube,transparent,15,max,noun,target,151,0.648068669527897
nocontrast,empty,cube,transparent,15,max,prior,competitor,14,0.141414141414141
nocontrast,empty,cube,transparent,15,max,prior,distractor,6,0.0606060606060606
nocontrast,empty,cube,transparent,15,max,prior,distractor.contrast,37,0.373737373737374
nocontrast,empty,cube,transparent,15,max,prior,target,42,0.424242424242424
nocontrast,empty,cylinder,transparent,20,max,adjective,competitor,75,0.342465753424658
nocontrast,empty,cylinder,transparent,20,max,adjective,distractor,46,0.210045662100457
nocontrast,empty,cylinder,transparent,20,max,adjective,distractor.contrast,9,0.0410958904109589
nocontrast,empty,cylinder,transparent,20,max,adjective,target,89,0.406392694063927
nocontrast,empty,cylinder,transparent,20,max,noun,competitor,58,0.26605504587156
nocontrast,empty,cylinder,transparent,20,max,noun,distractor,5,0.0229357798165138
nocontrast,empty,cylinder,transparent,20,max,noun,distractor.contrast,27,0.123853211009174
nocontrast,empty,cylinder,transparent,20,max,noun,target,128,0.587155963302752
nocontrast,empty,cylinder,transparent,20,max,prior,distractor,23,0.273809523809524
nocontrast,empty,cylinder,transparent,20,max,prior,distractor.contrast,13,0.154761904761905
nocontrast,empty,cylinder,transparent,20,max,prior,target,48,0.571428571428571
nocontrast,flat,circle,green,11,max,adjective,competitor,53,0.201520912547529
nocontrast,flat,circle,green,11,max,adjective,distractor,40,0.152091254752852
nocontrast,flat,circle,green,11,max,adjective,distractor.contrast,79,0.300380228136882
nocontrast,flat,circle,green,11,max,adjective,target,91,0.346007604562738
nocontrast,flat,circle,green,11,max,noun,competitor,46,0.247311827956989
nocontrast,flat,circle,green,11,max,noun,distractor,23,0.123655913978495
nocontrast,flat,circle,green,11,max,noun,distractor.contrast,20,0.10752688172043
nocontrast,flat,circle,green,11,max,noun,target,97,0.521505376344086
nocontrast,flat,circle,green,11,max,prior,competitor,13,0.151162790697674
nocontrast,flat,circle,green,11,max,prior,distractor,9,0.104651162790698
nocontrast,flat,circle,green,11,max,prior,distractor.contrast,27,0.313953488372093
nocontrast,flat,circle,green,11,max,prior,target,37,0.430232558139535
nocontrast,flat,triangle,yellow,16,max,adjective,competitor,79,0.309803921568627
nocontrast,flat,triangle,yellow,16,max,adjective,distractor,73,0.286274509803922
nocontrast,flat,triangle,yellow,16,max,adjective,distractor.contrast,55,0.215686274509804
nocontrast,flat,triangle,yellow,16,max,adjective,target,48,0.188235294117647
nocontrast,flat,triangle,yellow,16,max,noun,competitor,52,0.282608695652174
nocontrast,flat,triangle,yellow,16,max,noun,distractor,12,0.0652173913043478
nocontrast,flat,triangle,yellow,16,max,noun,distractor.contrast,32,0.173913043478261
nocontrast,flat,triangle,yellow,16,max,noun,target,88,0.478260869565217
nocontrast,flat,triangle,yellow,16,max,prior,competitor,36,0.336448598130841
nocontrast,flat,triangle,yellow,16,max,prior,distractor,32,0.299065420560748
nocontrast,flat,triangle,yellow,16,max,prior,distractor.contrast,20,0.186915887850467
nocontrast,flat,triangle,yellow,16,max,prior,target,19,0.177570093457944
nocontrast,full,cube,yellow,14,max,adjective,competitor,92,0.310810810810811
nocontrast,full,cube,yellow,14,max,adjective,distractor,30,0.101351351351351
nocontrast,full,cube,yellow,14,max,adjective,distractor.contrast,140,0.472972972972973
nocontrast,full,cube,yellow,14,max,adjective,target,34,0.114864864864865
nocontrast,full,cube,yellow,14,max,noun,competitor,75,0.347222222222222
nocontrast,full,cube,yellow,14,max,noun,distractor,10,0.0462962962962963
nocontrast,full,cube,yellow,14,max,noun,distractor.contrast,18,0.0833333333333333
nocontrast,full,cube,yellow,14,max,noun,target,113,0.523148148148148
nocontrast,full,cube,yellow,14,max,prior,competitor,30,0.315789473684211
nocontrast,full,cube,yellow,14,max,prior,distractor,35,0.368421052631579
nocontrast,full,cube,yellow,14,max,prior,distractor.contrast,24,0.252631578947368
nocontrast,full,cube,yellow,14,max,prior,target,6,0.0631578947368421
nocontrast,full,cylinder,blue,19,max,adjective,competitor,122,0.33983286908078
nocontrast,full,cylinder,blue,19,max,adjective,distractor,112,0.311977715877437
nocontrast,full,cylinder,blue,19,max,adjective,distractor.contrast,81,0.225626740947075
nocontrast,full,cylinder,blue,19,max,adjective,target,44,0.122562674094708
nocontrast,full,cylinder,blue,19,max,noun,competitor,39,0.188405797101449
nocontrast,full,cylinder,blue,19,max,noun,distractor,28,0.135265700483092
nocontrast,full,cylinder,blue,19,max,noun,distractor.contrast,20,0.0966183574879227
nocontrast,full,cylinder,blue,19,max,noun,target,120,0.579710144927536
nocontrast,full,cylinder,blue,19,max,prior,competitor,18,0.185567010309278
nocontrast,full,cylinder,blue,19,max,prior,distractor,28,0.288659793814433
nocontrast,full,cylinder,blue,19,max,prior,distractor.contrast,45,0.463917525773196
nocontrast,full,cylinder,blue,19,max,prior,target,6,0.0618556701030928
nocontrast,long,line,green,31,rel,adjective,competitor,103,0.301169590643275
nocontrast,long,line,green,31,rel,adjective,distractor,77,0.225146198830409
nocontrast,long,line,green,31,rel,adjective,distractor.contrast,65,0.190058479532164
nocontrast,long,line,green,31,rel,adjective,target,97,0.283625730994152
nocontrast,long,line,green,31,rel,noun,competitor,124,0.593301435406699
nocontrast,long,line,green,31,rel,noun,target,85,0.406698564593301
nocontrast,long,line,green,31,rel,prior,competitor,35,0.294117647058824
nocontrast,long,line,green,31,rel,prior,distractor,27,0.226890756302521
nocontrast,long,line,green,31,rel,prior,distractor.contrast,29,0.243697478991597
nocontrast,long,line,green,31,rel,prior,target,28,0.235294117647059
nocontrast,long,line,red,21,rel,adjective,competitor,63,0.193846153846154
nocontrast,long,line,red,21,rel,adjective,distractor,41,0.126153846153846
nocontrast,long,line,red,21,rel,adjective,distractor.contrast,104,0.32
nocontrast,long,line,red,21,rel,adjective,target,117,0.36
nocontrast,long,line,red,21,rel,noun,competitor,56,0.244541484716157
nocontrast,long,line,red,21,rel,noun,distractor,10,0.0436681222707424
nocontrast,long,line,red,21,rel,noun,distractor.contrast,7,0.0305676855895196
nocontrast,long,line,red,21,rel,noun,target,156,0.681222707423581
nocontrast,long,line,red,21,rel,prior,competitor,20,0.222222222222222
nocontrast,long,line,red,21,rel,prior,distractor,26,0.288888888888889
nocontrast,long,line,red,21,rel,prior,distractor.contrast,33,0.366666666666667
nocontrast,long,line,red,21,rel,prior,target,11,0.122222222222222
nocontrast,narrow,oval,red,36,rel,adjective,competitor,112,0.390243902439024
nocontrast,narrow,oval,red,36,rel,adjective,distractor,54,0.18815331010453
nocontrast,narrow,oval,red,36,rel,adjective,distractor.contrast,68,0.236933797909408
nocontrast,narrow,oval,red,36,rel,adjective,target,53,0.184668989547038
nocontrast,narrow,oval,red,36,rel,noun,competitor,61,0.403973509933775
nocontrast,narrow,oval,red,36,rel,noun,distractor,24,0.158940397350993
nocontrast,narrow,oval,red,36,rel,noun,distractor.contrast,23,0.152317880794702
nocontrast,narrow,oval,red,36,rel,noun,target,43,0.28476821192053
nocontrast,narrow,oval,red,36,rel,prior,competitor,25,0.316455696202532
nocontrast,narrow,oval,red,36,rel,prior,distractor,5,0.0632911392405063
nocontrast,narrow,oval,red,36,rel,prior,distractor.contrast,42,0.531645569620253
nocontrast,narrow,oval,red,36,rel,prior,target,7,0.0886075949367089
nocontrast,narrow,rectangle,red,26,rel,adjective,competitor,48,0.182509505703422
nocontrast,narrow,rectangle,red,26,rel,adjective,distractor,20,0.0760456273764259
nocontrast,narrow,rectangle,red,26,rel,adjective,distractor.contrast,22,0.0836501901140684
nocontrast,narrow,rectangle,red,26,rel,adjective,target,173,0.657794676806084
nocontrast,narrow,rectangle,red,26,rel,noun,competitor,30,0.168539325842697
nocontrast,narrow,rectangle,red,26,rel,noun,distractor.contrast,6,0.0337078651685393
nocontrast,narrow,rectangle,red,26,rel,noun,target,142,0.797752808988764
nocontrast,narrow,rectangle,red,26,rel,prior,distractor,41,0.585714285714286
nocontrast,narrow,rectangle,red,26,rel,prior,distractor.contrast,14,0.2
nocontrast,narrow,rectangle,red,26,rel,prior,target,15,0.214285714285714
nocontrast,short,cylinder,green,38,rel,adjective,competitor,130,0.456140350877193
nocontrast,short,cylinder,green,38,rel,adjective,distractor,68,0.23859649122807
nocontrast,short,cylinder,green,38,rel,adjective,distractor.contrast,73,0.256140350877193
nocontrast,short,cylinder,green,38,rel,adjective,target,14,0.0491228070175439
nocontrast,short,cylinder,green,38,rel,noun,competitor,79,0.456647398843931
nocontrast,short,cylinder,green,38,rel,noun,distractor,28,0.161849710982659
nocontrast,short,cylinder,green,38,rel,noun,distractor.contrast,10,0.0578034682080925
nocontrast,short,cylinder,green,38,rel,noun,target,56,0.323699421965318
nocontrast,short,cylinder,green,38,rel,prior,competitor,26,0.295454545454545
nocontrast,short,cylinder,green,38,rel,prior,distractor,16,0.181818181818182
nocontrast,short,cylinder,green,38,rel,prior,distractor.contrast,34,0.386363636363636
nocontrast,short,cylinder,green,38,rel,prior,target,12,0.136363636363636
nocontrast,short,line,blue,22,rel,adjective,competitor,123,0.371601208459215
nocontrast,short,line,blue,22,rel,adjective,distractor,41,0.123867069486405
nocontrast,short,line,blue,22,rel,adjective,distractor.contrast,50,0.151057401812689
nocontrast,short,line,blue,22,rel,adjective,target,117,0.353474320241692
nocontrast,short,line,blue,22,rel,noun,competitor,32,0.242424242424242
nocontrast,short,line,blue,22,rel,noun,distractor,7,0.053030303030303
nocontrast,short,line,blue,22,rel,noun,distractor.contrast,7,0.053030303030303
nocontrast,short,line,blue,22,rel,noun,target,86,0.651515151515151
nocontrast,short,line,blue,22,rel,prior,competitor,26,0.419354838709677
nocontrast,short,line,blue,22,rel,prior,distractor,13,0.209677419354839
nocontrast,short,line,blue,22,rel,prior,distractor.contrast,16,0.258064516129032
nocontrast,short,line,blue,22,rel,prior,target,7,0.112903225806452
nocontrast,short,line,red,32,rel,adjective,competitor,87,0.228346456692913
nocontrast,short,line,red,32,rel,adjective,distractor,73,0.191601049868766
nocontrast,short,line,red,32,rel,adjective,distractor.contrast,80,0.20997375328084
nocontrast,short,line,red,32,rel,adjective,target,141,0.37007874015748
nocontrast,short,line,red,32,rel,noun,competitor,48,0.355555555555556
nocontrast,short,line,red,32,rel,noun,target,87,0.644444444444444
nocontrast,short,line,red,32,rel,prior,competitor,16,0.172043010752688
nocontrast,short,line,red,32,rel,prior,distractor,23,0.247311827956989
nocontrast,short,line,red,32,rel,prior,distractor.contrast,39,0.419354838709677
nocontrast,short,line,red,32,rel,prior,target,15,0.161290322580645
nocontrast,short,spiral,red,28,rel,adjective,competitor,117,0.354545454545455
nocontrast,short,spiral,red,28,rel,adjective,distractor,47,0.142424242424242
nocontrast,short,spiral,red,28,rel,adjective,distractor.contrast,76,0.23030303030303
nocontrast,short,spiral,red,28,rel,adjective,target,90,0.272727272727273
nocontrast,short,spiral,red,28,rel,noun,competitor,53,0.327160493827161
nocontrast,short,spiral,red,28,rel,noun,distractor.contrast,1,0.00617283950617284
nocontrast,short,spiral,red,28,rel,noun,target,108,0.666666666666667
nocontrast,short,spiral,red,28,rel,prior,competitor,26,0.346666666666667
nocontrast,short,spiral,red,28,rel,prior,distractor,13,0.173333333333333
nocontrast,short,spiral,red,28,rel,prior,distractor.contrast,20,0.266666666666667
nocontrast,short,spiral,red,28,rel,prior,target,16,0.213333333333333
nocontrast,small,square,blue,34,rel,adjective,competitor,31,0.0971786833855799
nocontrast,small,square,blue,34,rel,adjective,distractor,95,0.297805642633229
nocontrast,small,square,blue,34,rel,adjective,distractor.contrast,77,0.241379310344828
nocontrast,small,square,blue,34,rel,adjective,target,116,0.363636363636364
nocontrast,small,square,blue,34,rel,noun,competitor,28,0.201438848920863
nocontrast,small,square,blue,34,rel,noun,distractor,14,0.100719424460432
nocontrast,small,square,blue,34,rel,noun,distractor.contrast,15,0.107913669064748
nocontrast,small,square,blue,34,rel,noun,target,82,0.589928057553957
nocontrast,small,square,blue,34,rel,prior,competitor,32,0.376470588235294
nocontrast,small,square,blue,34,rel,prior,distractor,17,0.2
nocontrast,small,square,blue,34,rel,prior,target,36,0.423529411764706
nocontrast,small,triangle,yellow,24,rel,adjective,competitor,79,0.294776119402985
nocontrast,small,triangle,yellow,24,rel,adjective,distractor,24,0.0895522388059701
nocontrast,small,triangle,yellow,24,rel,adjective,distractor.contrast,62,0.23134328358209
nocontrast,small,triangle,yellow,24,rel,adjective,target,103,0.384328358208955
nocontrast,small,triangle,yellow,24,rel,noun,competitor,64,0.481203007518797
nocontrast,small,triangle,yellow,24,rel,noun,distractor,5,0.037593984962406
nocontrast,small,triangle,yellow,24,rel,noun,distractor.contrast,7,0.0526315789473684
nocontrast,small,triangle,yellow,24,rel,noun,target,57,0.428571428571429
nocontrast,small,triangle,yellow,24,rel,prior,competitor,23,0.291139240506329
nocontrast,small,triangle,yellow,24,rel,prior,distractor,3,0.0379746835443038
nocontrast,small,triangle,yellow,24,rel,prior,distractor.contrast,35,0.443037974683544
nocontrast,small,triangle,yellow,24,rel,prior,target,18,0.227848101265823
nocontrast,straight,line,blue,13,max,adjective,competitor,86,0.281045751633987
nocontrast,straight,line,blue,13,max,adjective,distractor,103,0.336601307189543
nocontrast,straight,line,blue,13,max,adjective,distractor.contrast,57,0.186274509803922
nocontrast,straight,line,blue,13,max,adjective,target,60,0.196078431372549
nocontrast,straight,line,blue,13,max,noun,competitor,87,0.467741935483871
nocontrast,straight,line,blue,13,max,noun,target,99,0.532258064516129
nocontrast,straight,line,blue,13,max,prior,competitor,20,0.350877192982456
nocontrast,straight,line,blue,13,max,prior,distractor,32,0.56140350877193
nocontrast,straight,line,blue,13,max,prior,distractor.contrast,5,0.087719298245614
nocontrast,straight,line,red,18,max,adjective,competitor,85,0.355648535564854
nocontrast,straight,line,red,18,max,adjective,distractor,41,0.171548117154812
nocontrast,straight,line,red,18,max,adjective,distractor.contrast,37,0.154811715481172
nocontrast,straight,line,red,18,max,adjective,target,76,0.317991631799163
nocontrast,straight,line,red,18,max,noun,competitor,61,0.396103896103896
nocontrast,straight,line,red,18,max,noun,distractor,12,0.0779220779220779
nocontrast,straight,line,red,18,max,noun,distractor.contrast,6,0.038961038961039
nocontrast,straight,line,red,18,max,noun,target,75,0.487012987012987
nocontrast,straight,line,red,18,max,prior,competitor,8,0.112676056338028
nocontrast,straight,line,red,18,max,prior,distractor,30,0.422535211267606
nocontrast,straight,line,red,18,max,prior,distractor.contrast,12,0.169014084507042
nocontrast,straight,line,red,18,max,prior,target,21,0.295774647887324
nocontrast,tall,cylinder,yellow,37,rel,adjective,competitor,101,0.30421686746988
nocontrast,tall,cylinder,yellow,37,rel,adjective,distractor,105,0.316265060240964
nocontrast,tall,cylinder,yellow,37,rel,adjective,distractor.contrast,62,0.186746987951807
nocontrast,tall,cylinder,yellow,37,rel,adjective,target,64,0.192771084337349
nocontrast,tall,cylinder,yellow,37,rel,noun,competitor,50,0.303030303030303
nocontrast,tall,cylinder,yellow,37,rel,noun,distractor,15,0.0909090909090909
nocontrast,tall,cylinder,yellow,37,rel,noun,distractor.contrast,32,0.193939393939394
nocontrast,tall,cylinder,yellow,37,rel,noun,target,68,0.412121212121212
nocontrast,tall,cylinder,yellow,37,rel,prior,competitor,36,0.315789473684211
nocontrast,tall,cylinder,yellow,37,rel,prior,distractor,33,0.289473684210526
nocontrast,tall,cylinder,yellow,37,rel,prior,distractor.contrast,37,0.324561403508772
nocontrast,tall,cylinder,yellow,37,rel,prior,target,8,0.0701754385964912
nocontrast,tall,spiral,blue,27,rel,adjective,competitor,176,0.46684350132626
nocontrast,tall,spiral,blue,27,rel,adjective,distractor,75,0.19893899204244
nocontrast,tall,spiral,blue,27,rel,adjective,distractor.contrast,70,0.185676392572944
nocontrast,tall,spiral,blue,27,rel,adjective,target,56,0.148541114058355
nocontrast,tall,spiral,blue,27,rel,noun,competitor,139,0.620535714285714
nocontrast,tall,spiral,blue,27,rel,noun,distractor,5,0.0223214285714286
nocontrast,tall,spiral,blue,27,rel,noun,distractor.contrast,23,0.102678571428571
nocontrast,tall,spiral,blue,27,rel,noun,target,57,0.254464285714286
nocontrast,tall,spiral,blue,27,rel,prior,competitor,35,0.346534653465347
nocontrast,tall,spiral,blue,27,rel,prior,distractor,37,0.366336633663366
nocontrast,tall,spiral,blue,27,rel,prior,distractor.contrast,12,0.118811881188119
nocontrast,tall,spiral,blue,27,rel,prior,target,17,0.168316831683168
nocontrast,thick,line,blue,39,rel,adjective,competitor,52,0.2
nocontrast,thick,line,blue,39,rel,adjective,distractor,8,0.0307692307692308
nocontrast,thick,line,blue,39,rel,adjective,distractor.contrast,105,0.403846153846154
nocontrast,thick,line,blue,39,rel,adjective,target,95,0.365384615384615
nocontrast,thick,line,blue,39,rel,noun,competitor,74,0.299595141700405
nocontrast,thick,line,blue,39,rel,noun,target,173,0.700404858299595
nocontrast,thick,line,blue,39,rel,prior,competitor,23,0.23469387755102
nocontrast,thick,line,blue,39,rel,prior,distractor,19,0.193877551020408
nocontrast,thick,line,blue,39,rel,prior,distractor.contrast,48,0.489795918367347
nocontrast,thick,line,blue,39,rel,prior,target,8,0.0816326530612245
nocontrast,thick,line,yellow,29,rel,adjective,competitor,109,0.367003367003367
nocontrast,thick,line,yellow,29,rel,adjective,distractor,64,0.215488215488215
nocontrast,thick,line,yellow,29,rel,adjective,distractor.contrast,90,0.303030303030303
nocontrast,thick,line,yellow,29,rel,adjective,target,34,0.114478114478114
nocontrast,thick,line,yellow,29,rel,noun,competitor,60,0.231660231660232
nocontrast,thick,line,yellow,29,rel,noun,distractor.contrast,1,0.00386100386100386
nocontrast,thick,line,yellow,29,rel,noun,target,198,0.764478764478765
nocontrast,thick,line,yellow,29,rel,prior,competitor,34,0.25
nocontrast,thick,line,yellow,29,rel,prior,distractor,26,0.191176470588235
nocontrast,thick,line,yellow,29,rel,prior,distractor.contrast,65,0.477941176470588
nocontrast,thick,line,yellow,29,rel,prior,target,11,0.0808823529411765
nocontrast,thin,line,blue,30,rel,adjective,competitor,107,0.356666666666667
nocontrast,thin,line,blue,30,rel,adjective,distractor,56,0.186666666666667
nocontrast,thin,line,blue,30,rel,adjective,distractor.contrast,65,0.216666666666667
nocontrast,thin,line,blue,30,rel,adjective,target,72,0.24
nocontrast,thin,line,blue,30,rel,noun,competitor,100,0.543478260869565
nocontrast,thin,line,blue,30,rel,noun,distractor,15,0.0815217391304348
nocontrast,thin,line,blue,30,rel,noun,target,69,0.375
nocontrast,thin,line,blue,30,rel,prior,competitor,34,0.357894736842105
nocontrast,thin,line,blue,30,rel,prior,distractor,18,0.189473684210526
nocontrast,thin,line,blue,30,rel,prior,distractor.contrast,13,0.136842105263158
nocontrast,thin,line,blue,30,rel,prior,target,30,0.315789473684211
nocontrast,thin,line,red,40,rel,adjective,competitor,78,0.24375
nocontrast,thin,line,red,40,rel,adjective,distractor,68,0.2125
nocontrast,thin,line,red,40,rel,adjective,distractor.contrast,62,0.19375
nocontrast,thin,line,red,40,rel,adjective,target,112,0.35
nocontrast,thin,line,red,40,rel,noun,competitor,69,0.48936170212766
nocontrast,thin,line,red,40,rel,noun,target,72,0.51063829787234
nocontrast,thin,line,red,40,rel,prior,distractor,13,0.116071428571429
nocontrast,thin,line,red,40,rel,prior,distractor.contrast,83,0.741071428571429
nocontrast,thin,line,red,40,rel,prior,target,16,0.142857142857143
nocontrast,wide,oval,green,25,rel,adjective,competitor,117,0.325905292479109
nocontrast,wide,oval,green,25,rel,adjective,distractor,118,0.328690807799443
nocontrast,wide,oval,green,25,rel,adjective,distractor.contrast,65,0.181058495821727
nocontrast,wide,oval,green,25,rel,adjective,target,59,0.164345403899721
nocontrast,wide,oval,green,25,rel,noun,competitor,35,0.411764705882353
nocontrast,wide,oval,green,25,rel,noun,distractor,9,0.105882352941176
nocontrast,wide,oval,green,25,rel,noun,distractor.contrast,3,0.0352941176470588
nocontrast,wide,oval,green,25,rel,noun,target,38,0.447058823529412
nocontrast,wide,oval,green,25,rel,prior,competitor,10,0.140845070422535
nocontrast,wide,oval,green,25,rel,prior,distractor,38,0.535211267605634
nocontrast,wide,oval,green,25,rel,prior,distractor.contrast,10,0.140845070422535
nocontrast,wide,oval,green,25,rel,prior,target,13,0.183098591549296
nocontrast,wide,rectangle,yellow,35,rel,adjective,competitor,72,0.206896551724138
nocontrast,wide,rectangle,yellow,35,rel,adjective,distractor,171,0.491379310344828
nocontrast,wide,rectangle,yellow,35,rel,adjective,distractor.contrast,66,0.189655172413793
nocontrast,wide,rectangle,yellow,35,rel,adjective,target,39,0.112068965517241
nocontrast,wide,rectangle,yellow,35,rel,noun,competitor,5,0.0347222222222222
nocontrast,wide,rectangle,yellow,35,rel,noun,distractor,53,0.368055555555556
nocontrast,wide,rectangle,yellow,35,rel,noun,distractor.contrast,15,0.104166666666667
nocontrast,wide,rectangle,yellow,35,rel,noun,target,71,0.493055555555556
nocontrast,wide,rectangle,yellow,35,rel,prior,competitor,28,0.297872340425532
nocontrast,wide,rectangle,yellow,35,rel,prior,distractor,23,0.24468085106383
nocontrast,wide,rectangle,yellow,35,rel,prior,distractor.contrast,29,0.308510638297872
nocontrast,wide,rectangle,yellow,35,rel,prior,target,14,0.148936170212766
