,WorkerId,Input.List,SceneID,Description,RefType
1,46f7kxujtr,TlessC1,1,dotted square,1
2,js7qgaptak,TlessC1,1,square with dots,1
3,44s79gig2j,TlessC1,1,square circles,1
4,1zfh15ephg,TlessC1,1,dotted square,1
5,tgrx7cff1v,TlessC1,1,square with bumps,1
6,6xxpzwzple,TlessC1,1,square with dots,1
7,k3btsw99p8,TlessC1,1,circle,2
8,07arv648s8,TlessC1,1,square,2
9,7m2t6oo0lp,TlessC1,1,circle,2
10,q5h8kuy9j1,TlessC1,1,circle,2
11,zoixf8k59p,TlessC1,1,corcle,2
12,zelsvrkkw8,TlessC1,1,circle,2
13,46f7kxujtr,TlessC1,2,bowl,1
14,js7qgaptak,TlessC1,2,half circle,1
15,07arv648s8,TlessC1,2,cloud,1
16,44s79gig2j,TlessC1,2,half circle,1
17,1zfh15ephg,TlessC1,2,circle,1
18,7m2t6oo0lp,TlessC1,2,horseshow shaped line,1
19,q5h8kuy9j1,TlessC1,2,circular shape,1
20,zoixf8k59p,TlessC1,2,half circle,1
21,tgrx7cff1v,TlessC1,2,semi-circle,1
22,k3btsw99p8,TlessC1,2,partial triangle,2
23,zelsvrkkw8,TlessC1,2,half triangle,2
24,6xxpzwzple,TlessC1,2,unfinished triangle,2
25,k3btsw99p8,TlessC1,3,bent line with no arrow,1
26,44s79gig2j,TlessC1,3,2 lines NO arrow,1
27,1zfh15ephg,TlessC1,3,chair,1
28,7m2t6oo0lp,TlessC1,3,bent line with no arrow,1
29,tgrx7cff1v,TlessC1,3,curved line,1
30,46f7kxujtr,TlessC1,3,arrow,2
31,js7qgaptak,TlessC1,3,bent arrow,2
32,07arv648s8,TlessC1,3,line,2
33,q5h8kuy9j1,TlessC1,3,arrow,2
34,zoixf8k59p,TlessC1,3,arrow,2
35,zelsvrkkw8,TlessC1,3,arrow,2
36,6xxpzwzple,TlessC1,3,arrow,2
37,k3btsw99p8,TlessC1,4,bent line with no arrow,1
38,js7qgaptak,TlessC1,4,curved line,1
39,1zfh15ephg,TlessC1,4,curve,1
40,7m2t6oo0lp,TlessC1,4,curved line with no pointer,1
41,q5h8kuy9j1,TlessC1,4,line,1
42,zelsvrkkw8,TlessC1,4,arrowless arch,1
43,tgrx7cff1v,TlessC1,4,curvy line,1
44,6xxpzwzple,TlessC1,4,"curved line, no arrow",1
45,46f7kxujtr,TlessC1,4,arrow,2
46,07arv648s8,TlessC1,4,star,2
47,44s79gig2j,TlessC1,4,arrow,2
48,zoixf8k59p,TlessC1,4,curved arrow,2
49,k3btsw99p8,TlessC1,5,circle with dots,1
50,07arv648s8,TlessC1,5,triangle,1
51,44s79gig2j,TlessC1,5,circle dots,1
52,7m2t6oo0lp,TlessC1,5,circle with dots,1
53,q5h8kuy9j1,TlessC1,5,circle,1
54,zoixf8k59p,TlessC1,5,circle dots,1
55,zelsvrkkw8,TlessC1,5,dotted circle,1
56,tgrx7cff1v,TlessC1,5,circle with dots,1
57,46f7kxujtr,TlessC1,5,square,2
58,js7qgaptak,TlessC1,5,square,2
59,1zfh15ephg,TlessC1,5,square,2
60,6xxpzwzple,TlessC1,5,square,2
61,46f7kxujtr,TlessC1,6,square,1
62,zoixf8k59p,TlessC1,6,bsquare lines,1
63,6xxpzwzple,TlessC1,6,square,1
64,k3btsw99p8,TlessC1,6,triangle,2
65,js7qgaptak,TlessC1,6,triangle,2
66,07arv648s8,TlessC1,6,star,2
67,44s79gig2j,TlessC1,6,triangle,2
68,1zfh15ephg,TlessC1,6,triangle,2
69,7m2t6oo0lp,TlessC1,6,triangle,2
70,q5h8kuy9j1,TlessC1,6,triangle,2
71,zelsvrkkw8,TlessC1,6,triangle,2
72,tgrx7cff1v,TlessC1,6,triangle,2
73,46f7kxujtr,TlessC1,7,dotted triangle,1
74,44s79gig2j,TlessC1,7,triangle circles,1
75,1zfh15ephg,TlessC1,7,dotted triangle,1
76,tgrx7cff1v,TlessC1,7,triangle with bumps,1
77,6xxpzwzple,TlessC1,7,triangle with dots,1
78,k3btsw99p8,TlessC1,7,six dotted square,2
79,js7qgaptak,TlessC1,7,square,2
80,07arv648s8,TlessC1,7,triangle,2
81,7m2t6oo0lp,TlessC1,7,square,2
82,q5h8kuy9j1,TlessC1,7,square,2
83,zoixf8k59p,TlessC1,7,square,2
84,zelsvrkkw8,TlessC1,7,square,2
85,46f7kxujtr,TlessC1,8,line,1
86,k3btsw99p8,TlessC1,8,bent line with no arrow,1
87,44s79gig2j,TlessC1,8,line no arrow,1
88,7m2t6oo0lp,TlessC1,8,curved line with no arrow,1
89,q5h8kuy9j1,TlessC1,8,line,1
90,zelsvrkkw8,TlessC1,8,arrowless arch,1
91,js7qgaptak,TlessC1,8,curved arrow,2
92,07arv648s8,TlessC1,8,triangle,2
93,1zfh15ephg,TlessC1,8,arrow,2
94,zoixf8k59p,TlessC1,8,curved arrow,2
95,tgrx7cff1v,TlessC1,8,curved arrow,2
96,6xxpzwzple,TlessC1,8,arrow,2
97,js7qgaptak,TlessC1,9,square with dots,1
98,07arv648s8,TlessC1,9,triangle,1
99,44s79gig2j,TlessC1,9,square dots,1
100,1zfh15ephg,TlessC1,9,dotted square,1
101,q5h8kuy9j1,TlessC1,9,spotted square,1
102,zoixf8k59p,TlessC1,9,box dots,1
103,zelsvrkkw8,TlessC1,9,spotty square,1
104,46f7kxujtr,TlessC1,9,triangle,2
105,k3btsw99p8,TlessC1,9,triangle,2
106,7m2t6oo0lp,TlessC1,9,triangle,2
107,tgrx7cff1v,TlessC1,9,triangle,2
108,6xxpzwzple,TlessC1,9,triangle,2
109,46f7kxujtr,TlessC1,10,triangle,1
110,js7qgaptak,TlessC1,10,triangle,1
111,07arv648s8,TlessC1,10,square,1
112,44s79gig2j,TlessC1,10,triangle,1
113,1zfh15ephg,TlessC1,10,striped triangle,1
114,q5h8kuy9j1,TlessC1,10,triangle,1
115,tgrx7cff1v,TlessC1,10,triangle,1
116,k3btsw99p8,TlessC1,10,square,2
117,7m2t6oo0lp,TlessC1,10,square,2
118,zoixf8k59p,TlessC1,10,square,2
119,zelsvrkkw8,TlessC1,10,square,2
120,6xxpzwzple,TlessC1,10,square,2
121,k3btsw99p8,TlessC1,11,circle with 1 dot,1
122,js7qgaptak,TlessC1,11,circle with one dot,1
123,7m2t6oo0lp,TlessC1,11,circle with one dot,1
124,q5h8kuy9j1,TlessC1,11,one dot circle,1
125,zoixf8k59p,TlessC1,11,one dot circle,1
126,6xxpzwzple,TlessC1,11,circle with one circle,1
127,46f7kxujtr,TlessC1,11,triangle,2
128,07arv648s8,TlessC1,11,triangle,2
129,44s79gig2j,TlessC1,11,triangle,2
130,1zfh15ephg,TlessC1,11,triangle,2
131,zelsvrkkw8,TlessC1,11,triangle,2
132,tgrx7cff1v,TlessC1,11,triangle,2
133,46f7kxujtr,TlessC1,12,circle,1
134,zoixf8k59p,TlessC1,12,circle,1
135,zelsvrkkw8,TlessC1,12,circle,1
136,6xxpzwzple,TlessC1,12,circle,1
137,k3btsw99p8,TlessC1,12,square,2
138,js7qgaptak,TlessC1,12,square,2
139,07arv648s8,TlessC1,12,circle,2
140,44s79gig2j,TlessC1,12,square,2
141,1zfh15ephg,TlessC1,12,square,2
142,7m2t6oo0lp,TlessC1,12,square,2
143,q5h8kuy9j1,TlessC1,12,square,2
144,tgrx7cff1v,TlessC1,12,square,2
145,46f7kxujtr,TlessC1,13,gentle curve,1
146,js7qgaptak,TlessC1,13,slightly curved line,1
147,07arv648s8,TlessC1,13,circle,1
148,44s79gig2j,TlessC1,13,straighter line,1
149,1zfh15ephg,TlessC1,13,line,1
150,7m2t6oo0lp,TlessC1,13,less curved line with no arrow,1
151,q5h8kuy9j1,TlessC1,13,less curved line,1
152,zoixf8k59p,TlessC1,13,slightly curved line,1
153,6xxpzwzple,TlessC1,13,slightly curved line,1
154,k3btsw99p8,TlessC1,13,arrow pointing right,2
155,zelsvrkkw8,TlessC1,13,arrow,2
156,tgrx7cff1v,TlessC1,13,arrow,2
157,46f7kxujtr,TlessC1,14,cube,1
158,k3btsw99p8,TlessC1,14,cube,1
159,js7qgaptak,TlessC1,14,cube,1
160,44s79gig2j,TlessC1,14,3d box,1
161,7m2t6oo0lp,TlessC1,14,cube,1
162,q5h8kuy9j1,TlessC1,14,cube,1
163,tgrx7cff1v,TlessC1,14,cube,1
164,07arv648s8,TlessC1,14,cube,2
165,1zfh15ephg,TlessC1,14,cylinder,2
166,zoixf8k59p,TlessC1,14,cylinder,2
167,zelsvrkkw8,TlessC1,14,cylander,2
168,6xxpzwzple,TlessC1,14,cylinder,2
169,js7qgaptak,TlessC1,15,mostly empty cube,1
170,07arv648s8,TlessC1,15,cube,1
171,44s79gig2j,TlessC1,15,emptiest cube,1
172,7m2t6oo0lp,TlessC1,15,least full cube,1
173,q5h8kuy9j1,TlessC1,15,less full square,1
174,zoixf8k59p,TlessC1,15,almost empty,1
175,6xxpzwzple,TlessC1,15,empty square,1
176,46f7kxujtr,TlessC1,15,cylinder,2
177,k3btsw99p8,TlessC1,15,cylinder,2
178,1zfh15ephg,TlessC1,15,cylinder,2
179,zelsvrkkw8,TlessC1,15,cylander,2
180,tgrx7cff1v,TlessC1,15,cylinder,2
181,07arv648s8,TlessC1,16,triangle,1
182,zoixf8k59p,TlessC1,16,triangle,1
183,46f7kxujtr,TlessC1,16,square,2
184,k3btsw99p8,TlessC1,16,square,2
185,js7qgaptak,TlessC1,16,square,2
186,44s79gig2j,TlessC1,16,square,2
187,1zfh15ephg,TlessC1,16,square,2
188,7m2t6oo0lp,TlessC1,16,square,2
189,q5h8kuy9j1,TlessC1,16,square,2
190,zelsvrkkw8,TlessC1,16,square,2
191,tgrx7cff1v,TlessC1,16,square,2
192,6xxpzwzple,TlessC1,16,square,2
193,k3btsw99p8,TlessC1,17,near complete circle,1
194,js7qgaptak,TlessC1,17,mostly complete circle,1
195,46f7kxujtr,TlessC1,17,triangle,2
196,07arv648s8,TlessC1,17,triangle,2
197,44s79gig2j,TlessC1,17,triangle,2
198,1zfh15ephg,TlessC1,17,triangle,2
199,7m2t6oo0lp,TlessC1,17,triangle,2
200,q5h8kuy9j1,TlessC1,17,triangle,2
201,zoixf8k59p,TlessC1,17,triangle,2
202,zelsvrkkw8,TlessC1,17,triangle,2
203,tgrx7cff1v,TlessC1,17,triangle,2
204,6xxpzwzple,TlessC1,17,triangle,2
205,46f7kxujtr,TlessC1,18,angle,1
206,07arv648s8,TlessC1,18,oval,1
207,44s79gig2j,TlessC1,18,2 lines,1
208,1zfh15ephg,TlessC1,18,line,1
209,7m2t6oo0lp,TlessC1,18,bent line,1
210,zelsvrkkw8,TlessC1,18,angled line,1
211,k3btsw99p8,TlessC1,18,arrow pointing right,2
212,js7qgaptak,TlessC1,18,arrow,2
213,q5h8kuy9j1,TlessC1,18,arrow,2
214,zoixf8k59p,TlessC1,18,arrow,2
215,tgrx7cff1v,TlessC1,18,arrow,2
216,6xxpzwzple,TlessC1,18,arrow,2
217,46f7kxujtr,TlessC1,19,full cylinder,1
218,k3btsw99p8,TlessC1,19,full cylinder,1
219,07arv648s8,TlessC1,19,cube,1
220,44s79gig2j,TlessC1,19,fuller cylinder,1
221,1zfh15ephg,TlessC1,19,full cylinder,1
222,q5h8kuy9j1,TlessC1,19,more full cylinder,1
223,zelsvrkkw8,TlessC1,19,full cylander,1
224,tgrx7cff1v,TlessC1,19,almost full cylinder,1
225,js7qgaptak,TlessC1,19,cube,2
226,7m2t6oo0lp,TlessC1,19,cube,2
227,zoixf8k59p,TlessC1,19,box,2
228,6xxpzwzple,TlessC1,19,box,2
229,js7qgaptak,TlessC1,20,cylinder,1
230,07arv648s8,TlessC1,20,line,1
231,1zfh15ephg,TlessC1,20,cyliner,1
232,q5h8kuy9j1,TlessC1,20,cylinder,1
233,zoixf8k59p,TlessC1,20,cyclinder,1
234,46f7kxujtr,TlessC1,20,cube,2
235,k3btsw99p8,TlessC1,20,square,2
236,44s79gig2j,TlessC1,20,3d box,2
237,7m2t6oo0lp,TlessC1,20,cube,2
238,zelsvrkkw8,TlessC1,20,square,2
239,tgrx7cff1v,TlessC1,20,cube,2
240,6xxpzwzple,TlessC1,20,box,2
241,k3btsw99p8,TlessC1,21,big line w/ no arrow,1
242,07arv648s8,TlessC1,21,sun,1
243,1zfh15ephg,TlessC1,21,line long,1
244,zoixf8k59p,TlessC1,21,long line,1
245,zelsvrkkw8,TlessC1,21,medium line,1
246,tgrx7cff1v,TlessC1,21,longest line,1
247,46f7kxujtr,TlessC1,21,arrow,2
248,js7qgaptak,TlessC1,21,arrow,2
249,44s79gig2j,TlessC1,21,arrow,2
250,7m2t6oo0lp,TlessC1,21,line with arrow,2
251,q5h8kuy9j1,TlessC1,21,arrow,2
252,6xxpzwzple,TlessC1,21,arrow,2
253,46f7kxujtr,TlessC1,22,line,1
254,k3btsw99p8,TlessC1,22,line no arrow,1
255,js7qgaptak,TlessC1,22,line,1
256,7m2t6oo0lp,TlessC1,22,line with no arrow,1
257,tgrx7cff1v,TlessC1,22,line,1
258,07arv648s8,TlessC1,22,star,2
259,44s79gig2j,TlessC1,22,arrow,2
260,1zfh15ephg,TlessC1,22,arrow,2
261,q5h8kuy9j1,TlessC1,22,arrow,2
262,zoixf8k59p,TlessC1,22,arrow,2
263,zelsvrkkw8,TlessC1,22,arrow,2
264,6xxpzwzple,TlessC1,22,arro,2
265,46f7kxujtr,TlessC1,23,big square,1
266,k3btsw99p8,TlessC1,23,big square,1
267,js7qgaptak,TlessC1,23,big square,1
268,7m2t6oo0lp,TlessC1,23,larger square,1
269,q5h8kuy9j1,TlessC1,23,larger square,1
270,zoixf8k59p,TlessC1,23,big box,1
271,zelsvrkkw8,TlessC1,23,large square,1
272,tgrx7cff1v,TlessC1,23,large square,1
273,07arv648s8,TlessC1,23,triangle,2
274,44s79gig2j,TlessC1,23,triangle,2
275,1zfh15ephg,TlessC1,23,triangle,2
276,6xxpzwzple,TlessC1,23,triangle,2
277,js7qgaptak,TlessC1,24,triangle,1
278,07arv648s8,TlessC1,24,triangle,1
279,44s79gig2j,TlessC1,24,triangle,1
280,q5h8kuy9j1,TlessC1,24,triangle,1
281,tgrx7cff1v,TlessC1,24,triangle,1
282,6xxpzwzple,TlessC1,24,triangle,1
283,46f7kxujtr,TlessC1,24,square,2
284,k3btsw99p8,TlessC1,24,zquare,2
285,1zfh15ephg,TlessC1,24,square,2
286,7m2t6oo0lp,TlessC1,24,square,2
287,zoixf8k59p,TlessC1,24,aquare,2
288,zelsvrkkw8,TlessC1,24,square,2
289,46f7kxujtr,TlessC1,25,wide oval,1
290,k3btsw99p8,TlessC1,25,big oval,1
291,js7qgaptak,TlessC1,25,fatter oval,1
292,q5h8kuy9j1,TlessC1,25,wider oval,1
293,zoixf8k59p,TlessC1,25,fat oval,1
294,07arv648s8,TlessC1,25,square,2
295,44s79gig2j,TlessC1,25,rectangle,2
296,1zfh15ephg,TlessC1,25,square,2
297,7m2t6oo0lp,TlessC1,25,rectangle,2
298,zelsvrkkw8,TlessC1,25,square,2
299,tgrx7cff1v,TlessC1,25,rectangle,2
300,6xxpzwzple,TlessC1,25,rectangle,2
301,k3btsw99p8,TlessC1,26,rectangle,1
302,js7qgaptak,TlessC1,26,rectangle,1
303,zelsvrkkw8,TlessC1,26,rectangle,1
304,46f7kxujtr,TlessC1,26,oval,2
305,07arv648s8,TlessC1,26,star,2
306,44s79gig2j,TlessC1,26,oval,2
307,1zfh15ephg,TlessC1,26,oval,2
308,7m2t6oo0lp,TlessC1,26,oval shape,2
309,q5h8kuy9j1,TlessC1,26,oval,2
310,zoixf8k59p,TlessC1,26,oval,2
311,tgrx7cff1v,TlessC1,26,oval,2
312,6xxpzwzple,TlessC1,26,oval,2
313,46f7kxujtr,TlessC1,27,big twister,1
314,js7qgaptak,TlessC1,27,bigger cyclone,1
315,07arv648s8,TlessC1,27,oval,1
316,44s79gig2j,TlessC1,27,taller toranado,1
317,q5h8kuy9j1,TlessC1,27,larger helix,1
318,tgrx7cff1v,TlessC1,27,larger spiral,1
319,6xxpzwzple,TlessC1,27,longer spring,1
320,k3btsw99p8,TlessC1,27,cylinder,2
321,1zfh15ephg,TlessC1,27,cylinder,2
322,7m2t6oo0lp,TlessC1,27,cylinder,2
323,zoixf8k59p,TlessC1,27,cylinder,2
324,zelsvrkkw8,TlessC1,27,cylander,2
325,1zfh15ephg,TlessC1,28,swirly,1
326,q5h8kuy9j1,TlessC1,28,squiggle,1
327,tgrx7cff1v,TlessC1,28,spiral,1
328,46f7kxujtr,TlessC1,28,cylinder,2
329,k3btsw99p8,TlessC1,28,cylinder,2
330,js7qgaptak,TlessC1,28,part of a cylinder,2
331,07arv648s8,TlessC1,28,sun,2
332,44s79gig2j,TlessC1,28,cheese,2
333,7m2t6oo0lp,TlessC1,28,coin shape,2
334,zoixf8k59p,TlessC1,28,flat circle,2
335,zelsvrkkw8,TlessC1,28,cylander,2
336,6xxpzwzple,TlessC1,28,3d circle,2
337,46f7kxujtr,TlessC1,29,thick line,1
338,07arv648s8,TlessC1,29,sun,1
339,7m2t6oo0lp,TlessC1,29,thicker line with no arrow,1
340,tgrx7cff1v,TlessC1,29,thick line,1
341,6xxpzwzple,TlessC1,29,medium line,1
342,k3btsw99p8,TlessC1,29,arrow pointing right,2
343,js7qgaptak,TlessC1,29,arrow,2
344,44s79gig2j,TlessC1,29,arrow,2
345,1zfh15ephg,TlessC1,29,arrow,2
346,q5h8kuy9j1,TlessC1,29,arrow,2
347,zoixf8k59p,TlessC1,29,arrow,2
348,zelsvrkkw8,TlessC1,29,arrow,2
349,46f7kxujtr,TlessC1,30,line,1
350,k3btsw99p8,TlessC1,30,line with no arrow,1
351,js7qgaptak,TlessC1,30,line,1
352,44s79gig2j,TlessC1,30,line no arrow,1
353,1zfh15ephg,TlessC1,30,line,1
354,tgrx7cff1v,TlessC1,30,line,1
355,07arv648s8,TlessC1,30,star,2
356,7m2t6oo0lp,TlessC1,30,line with arrow,2
357,q5h8kuy9j1,TlessC1,30,arrow,2
358,zoixf8k59p,TlessC1,30,arrow,2
359,zelsvrkkw8,TlessC1,30,arrow,2
360,6xxpzwzple,TlessC1,30,arrow,2
361,46f7kxujtr,TlessC1,31,long line,1
362,k3btsw99p8,TlessC1,31,bigger line no arrow,1
363,js7qgaptak,TlessC1,31,longer line,1
364,44s79gig2j,TlessC1,31,longer line w/o arrow,1
365,1zfh15ephg,TlessC1,31,long line,1
366,7m2t6oo0lp,TlessC1,31,longer line with no arrow,1
367,q5h8kuy9j1,TlessC1,31,longer line,1
368,zoixf8k59p,TlessC1,31,long line,1
369,zelsvrkkw8,TlessC1,31,medium line,1
370,tgrx7cff1v,TlessC1,31,longest line,1
371,6xxpzwzple,TlessC1,31,medium line,1
372,07arv648s8,TlessC1,31,cloud,2
373,46f7kxujtr,TlessC1,32,line,1
374,js7qgaptak,TlessC1,32,line,1
375,07arv648s8,TlessC1,32,cube,1
376,1zfh15ephg,TlessC1,32,line,1
377,7m2t6oo0lp,TlessC1,32,line with no arrow,1
378,q5h8kuy9j1,TlessC1,32,line,1
379,zelsvrkkw8,TlessC1,32,line,1
380,tgrx7cff1v,TlessC1,32,line,1
381,6xxpzwzple,TlessC1,32,thin line,1
382,k3btsw99p8,TlessC1,32,arrow pointing right,2
383,44s79gig2j,TlessC1,32,arrow,2
384,zoixf8k59p,TlessC1,32,arrow,2
385,46f7kxujtr,TlessC1,33,big triangle,1
386,k3btsw99p8,TlessC1,33,big triangle,1
387,js7qgaptak,TlessC1,33,larger triangle,1
388,44s79gig2j,TlessC1,33,bigger triangle,1
389,1zfh15ephg,TlessC1,33,large triangle,1
390,q5h8kuy9j1,TlessC1,33,larger triangle,1
391,zoixf8k59p,TlessC1,33,big triangle,1
392,zelsvrkkw8,TlessC1,33,large triangle,1
393,07arv648s8,TlessC1,33,square,2
394,7m2t6oo0lp,TlessC1,33,square,2
395,tgrx7cff1v,TlessC1,33,square,2
396,6xxpzwzple,TlessC1,33,square,2
397,46f7kxujtr,TlessC1,34,square,1
398,k3btsw99p8,TlessC1,34,square,1
399,44s79gig2j,TlessC1,34,square,1
400,7m2t6oo0lp,TlessC1,34,square,1
401,zelsvrkkw8,TlessC1,34,square,1
402,js7qgaptak,TlessC1,34,triangle,2
403,07arv648s8,TlessC1,34,truiangle,2
404,1zfh15ephg,TlessC1,34,triangle,2
405,q5h8kuy9j1,TlessC1,34,triangle,2
406,zoixf8k59p,TlessC1,34,triangle,2
407,tgrx7cff1v,TlessC1,34,triangle,2
408,6xxpzwzple,TlessC1,34,triangle,2
409,46f7kxujtr,TlessC1,35,wide rectangle,1
410,js7qgaptak,TlessC1,35,fatter rectangle,1
411,1zfh15ephg,TlessC1,35,fat rectangle,1
412,7m2t6oo0lp,TlessC1,35,wider rectangle,1
413,zoixf8k59p,TlessC1,35,big rectangle,1
414,zelsvrkkw8,TlessC1,35,rectanle,1
415,tgrx7cff1v,TlessC1,35,wide rectangle,1
416,6xxpzwzple,TlessC1,35,rectangle,1
417,k3btsw99p8,TlessC1,35,big oval,2
418,07arv648s8,TlessC1,35,oval,2
419,44s79gig2j,TlessC1,35,oval,2
420,q5h8kuy9j1,TlessC1,35,oval,2
421,07arv648s8,TlessC1,36,sun,1
422,44s79gig2j,TlessC1,36,oval,1
423,1zfh15ephg,TlessC1,36,oval,1
424,7m2t6oo0lp,TlessC1,36,oval shape,1
425,q5h8kuy9j1,TlessC1,36,oval,1
426,zoixf8k59p,TlessC1,36,oval,1
427,zelsvrkkw8,TlessC1,36,oval,1
428,6xxpzwzple,TlessC1,36,oval,1
429,46f7kxujtr,TlessC1,36,rectangle,2
430,k3btsw99p8,TlessC1,36,rectangle,2
431,js7qgaptak,TlessC1,36,rectangle,2
432,tgrx7cff1v,TlessC1,36,rectangle,2
433,js7qgaptak,TlessC1,37,larger cylinder,1
434,07arv648s8,TlessC1,37,line,1
435,44s79gig2j,TlessC1,37,tallest cylinder,1
436,1zfh15ephg,TlessC1,37,cylinder,1
437,zelsvrkkw8,TlessC1,37,large cylander,1
438,tgrx7cff1v,TlessC1,37,tall cylinder,1
439,6xxpzwzple,TlessC1,37,taller cylinder,1
440,46f7kxujtr,TlessC1,37,twister,2
441,k3btsw99p8,TlessC1,37,spiral,2
442,7m2t6oo0lp,TlessC1,37,spiral ribbon,2
443,q5h8kuy9j1,TlessC1,37,helix,2
444,zoixf8k59p,TlessC1,37,swirly,2
445,46f7kxujtr,TlessC1,38,cylinder,1
446,k3btsw99p8,TlessC1,38,cylinder,1
447,js7qgaptak,TlessC1,38,part of cylinder,1
448,07arv648s8,TlessC1,38,star,1
449,7m2t6oo0lp,TlessC1,38,cylinder,1
450,q5h8kuy9j1,TlessC1,38,cylinder,1
451,zoixf8k59p,TlessC1,38,cyclinder,1
452,44s79gig2j,TlessC1,38,swirl,2
453,1zfh15ephg,TlessC1,38,swirly,2
454,zelsvrkkw8,TlessC1,38,ribbon,2
455,tgrx7cff1v,TlessC1,38,spiral-like shape,2
456,6xxpzwzple,TlessC1,38,ribbin like,2
457,k3btsw99p8,TlessC1,39,first horizontal line,1
458,07arv648s8,TlessC1,39,star,1
459,44s79gig2j,TlessC1,39,thicker line,1
460,1zfh15ephg,TlessC1,39,thick line,1
461,q5h8kuy9j1,TlessC1,39,thicker line,1
462,zelsvrkkw8,TlessC1,39,medium line,1
463,6xxpzwzple,TlessC1,39,thick line no arrow,1
464,46f7kxujtr,TlessC1,39,arrow,2
465,js7qgaptak,TlessC1,39,arrow,2
466,7m2t6oo0lp,TlessC1,39,line with arrow,2
467,zoixf8k59p,TlessC1,39,arrow,2
468,tgrx7cff1v,TlessC1,39,arrow,2
469,46f7kxujtr,TlessC1,40,line,1
470,k3btsw99p8,TlessC1,40,line with no arrow,1
471,07arv648s8,TlessC1,40,circle,1
472,44s79gig2j,TlessC1,40,line no arrow,1
473,q5h8kuy9j1,TlessC1,40,line,1
474,zoixf8k59p,TlessC1,40,line,1
475,tgrx7cff1v,TlessC1,40,line,1
476,js7qgaptak,TlessC1,40,arrow,2
477,1zfh15ephg,TlessC1,40,arrow,2
478,7m2t6oo0lp,TlessC1,40,line with arrow,2
479,zelsvrkkw8,TlessC1,40,arrow,2
480,6xxpzwzple,TlessC1,40,arrow,2
481,yqfqbizb2m,TlessC2,1,square,1
482,klbrxalljc,TlessC2,1,square,1
483,byfxyzi7ex,TlessC2,1,square,1
484,lbsj1fwleg,TlessC2,1,lego-esque square,1
485,54u0q088kc,TlessC2,1,square,1
486,26szfwpc69,TlessC2,1,square,1
487,5l91a8hy94,TlessC2,1,5 dots,1
488,jb6kulnu4a,TlessC2,1,square,1
489,z029xwmfae,TlessC2,1,lego,2
490,e12ud0653b,TlessC2,1,circle,2
491,i3hvactu71,TlessC2,1,circle,2
492,mdrylsx1sf,TlessC2,1,six,2
493,klbrxalljc,TlessC2,2,semi-circle,1
494,z029xwmfae,TlessC2,2,open,1
495,byfxyzi7ex,TlessC2,2,open circle,1
496,lbsj1fwleg,TlessC2,2,incomplete circle,1
497,mdrylsx1sf,TlessC2,2,open circle,1
498,54u0q088kc,TlessC2,2,half circle,1
499,5l91a8hy94,TlessC2,2,third circle,1
500,yqfqbizb2m,TlessC2,2,part triangle,2
501,e12ud0653b,TlessC2,2,half triangle,2
502,i3hvactu71,TlessC2,2,triangle,2
503,26szfwpc69,TlessC2,2,triangle,2
504,jb6kulnu4a,TlessC2,2,half triangle,2
505,klbrxalljc,TlessC2,3,line angle,1
506,z029xwmfae,TlessC2,3,mellow,1
507,lbsj1fwleg,TlessC2,3,line  without arrow,1
508,mdrylsx1sf,TlessC2,3,angled line,1
509,54u0q088kc,TlessC2,3,2 lines,1
510,26szfwpc69,TlessC2,3,obtuse angle,1
511,jb6kulnu4a,TlessC2,3,biggest angle,1
512,yqfqbizb2m,TlessC2,3,arrow,2
513,byfxyzi7ex,TlessC2,3,arrow,2
514,e12ud0653b,TlessC2,3,bent arrow,2
515,i3hvactu71,TlessC2,3,arrow,2
516,5l91a8hy94,TlessC2,3,arrow,2
517,z029xwmfae,TlessC2,4,hump,1
518,byfxyzi7ex,TlessC2,4,curved line,1
519,i3hvactu71,TlessC2,4,non arrow arch,1
520,54u0q088kc,TlessC2,4,line arc,1
521,26szfwpc69,TlessC2,4,curved non-arrow,1
522,5l91a8hy94,TlessC2,4,curved line,1
523,jb6kulnu4a,TlessC2,4,curve without an arrow,1
524,yqfqbizb2m,TlessC2,4,arrow,2
525,klbrxalljc,TlessC2,4,arrow,2
526,e12ud0653b,TlessC2,4,arrow,2
527,lbsj1fwleg,TlessC2,4,line with arrow,2
528,mdrylsx1sf,TlessC2,4,arrow,2
529,yqfqbizb2m,TlessC2,5,circle,1
530,klbrxalljc,TlessC2,5,circle,1
531,lbsj1fwleg,TlessC2,5,circle,1
532,54u0q088kc,TlessC2,5,circle,1
533,26szfwpc69,TlessC2,5,circle,1
534,5l91a8hy94,TlessC2,5,circle,1
535,z029xwmfae,TlessC2,5,filled,2
536,byfxyzi7ex,TlessC2,5,square,2
537,e12ud0653b,TlessC2,5,square,2
538,i3hvactu71,TlessC2,5,square,2
539,mdrylsx1sf,TlessC2,5,square,2
540,jb6kulnu4a,TlessC2,5,square,2
541,z029xwmfae,TlessC2,6,prision,1
542,byfxyzi7ex,TlessC2,6,square with lines,1
543,i3hvactu71,TlessC2,6,square,1
544,mdrylsx1sf,TlessC2,6,square,1
545,26szfwpc69,TlessC2,6,striped square,1
546,5l91a8hy94,TlessC2,6,lined square,1
547,yqfqbizb2m,TlessC2,6,triangle,2
548,klbrxalljc,TlessC2,6,triangle,2
549,e12ud0653b,TlessC2,6,triangle,2
550,lbsj1fwleg,TlessC2,6,triangle,2
551,54u0q088kc,TlessC2,6,triangle,2
552,jb6kulnu4a,TlessC2,6,triangle,2
553,yqfqbizb2m,TlessC2,7,triangle,1
554,klbrxalljc,TlessC2,7,triangle,1
555,byfxyzi7ex,TlessC2,7,triangle,1
556,i3hvactu71,TlessC2,7,triangle,1
557,mdrylsx1sf,TlessC2,7,five,1
558,26szfwpc69,TlessC2,7,triangle,1
559,z029xwmfae,TlessC2,7,lego,2
560,e12ud0653b,TlessC2,7,square lego,2
561,lbsj1fwleg,TlessC2,7,square,2
562,54u0q088kc,TlessC2,7,square,2
563,5l91a8hy94,TlessC2,7,square,2
564,jb6kulnu4a,TlessC2,7,square,2
565,5l91a8hy94,TlessC2,8,curve,1
566,yqfqbizb2m,TlessC2,8,arrow,2
567,klbrxalljc,TlessC2,8,arched arrow,2
568,z029xwmfae,TlessC2,8,wave,2
569,byfxyzi7ex,TlessC2,8,arrow,2
570,e12ud0653b,TlessC2,8,arrow,2
571,lbsj1fwleg,TlessC2,8,curved line with arrow,2
572,i3hvactu71,TlessC2,8,arrow,2
573,mdrylsx1sf,TlessC2,8,arrow,2
574,54u0q088kc,TlessC2,8,arrow,2
575,26szfwpc69,TlessC2,8,bending arrow,2
576,jb6kulnu4a,TlessC2,8,arrow,2
577,z029xwmfae,TlessC2,9,filled,1
578,byfxyzi7ex,TlessC2,9,square,1
579,e12ud0653b,TlessC2,9,dotted square,1
580,lbsj1fwleg,TlessC2,9,square,1
581,i3hvactu71,TlessC2,9,square,1
582,jb6kulnu4a,TlessC2,9,square,1
583,yqfqbizb2m,TlessC2,9,triangle,2
584,klbrxalljc,TlessC2,9,triangle,2
585,mdrylsx1sf,TlessC2,9,triangle,2
586,54u0q088kc,TlessC2,9,triangle,2
587,26szfwpc69,TlessC2,9,triangle,2
588,5l91a8hy94,TlessC2,9,triangle,2
589,klbrxalljc,TlessC2,10,striped triangle,1
590,z029xwmfae,TlessC2,10,fire,1
591,lbsj1fwleg,TlessC2,10,lined triangle,1
592,54u0q088kc,TlessC2,10,striped triangle,1
593,26szfwpc69,TlessC2,10,striped triangle,1
594,yqfqbizb2m,TlessC2,10,square,2
595,byfxyzi7ex,TlessC2,10,square,2
596,e12ud0653b,TlessC2,10,square,2
597,i3hvactu71,TlessC2,10,square,2
598,mdrylsx1sf,TlessC2,10,square,2
599,5l91a8hy94,TlessC2,10,square,2
600,jb6kulnu4a,TlessC2,10,square,2
601,yqfqbizb2m,TlessC2,11,circle,1
602,klbrxalljc,TlessC2,11,circle,1
603,e12ud0653b,TlessC2,11,circle,1
604,lbsj1fwleg,TlessC2,11,circle,1
605,i3hvactu71,TlessC2,11,circle,1
606,26szfwpc69,TlessC2,11,circle,1
607,z029xwmfae,TlessC2,11,bright,2
608,byfxyzi7ex,TlessC2,11,triangle,2
609,mdrylsx1sf,TlessC2,11,trangle,2
610,54u0q088kc,TlessC2,11,triangle,2
611,5l91a8hy94,TlessC2,11,triangle,2
612,jb6kulnu4a,TlessC2,11,triangle,2
613,yqfqbizb2m,TlessC2,12,most circle,1
614,klbrxalljc,TlessC2,12,mostly completed circle,1
615,e12ud0653b,TlessC2,12,almost full circle,1
616,lbsj1fwleg,TlessC2,12,mostly whole circle,1
617,mdrylsx1sf,TlessC2,12,closed circle,1
618,54u0q088kc,TlessC2,12,circle,1
619,5l91a8hy94,TlessC2,12,full circle,1
620,jb6kulnu4a,TlessC2,12,circle,1
621,z029xwmfae,TlessC2,12,closed,2
622,byfxyzi7ex,TlessC2,12,square,2
623,i3hvactu71,TlessC2,12,square,2
624,26szfwpc69,TlessC2,12,square,2
625,yqfqbizb2m,TlessC2,13,line,1
626,mdrylsx1sf,TlessC2,13,curve,1
627,54u0q088kc,TlessC2,13,line,1
628,26szfwpc69,TlessC2,13,slight curve line,1
629,jb6kulnu4a,TlessC2,13,curved line,1
630,klbrxalljc,TlessC2,13,arrow,2
631,z029xwmfae,TlessC2,13,ray,2
632,byfxyzi7ex,TlessC2,13,arrow,2
633,e12ud0653b,TlessC2,13,arrow,2
634,lbsj1fwleg,TlessC2,13,line with arrow,2
635,i3hvactu71,TlessC2,13,arrow,2
636,5l91a8hy94,TlessC2,13,aarrow,2
637,yqfqbizb2m,TlessC2,14,most filled,1
638,klbrxalljc,TlessC2,14,filled cube,1
639,z029xwmfae,TlessC2,14,pee,1
640,e12ud0653b,TlessC2,14,almost full cube,1
641,i3hvactu71,TlessC2,14,almost full cube,1
642,mdrylsx1sf,TlessC2,14,full box,1
643,26szfwpc69,TlessC2,14,full cube,1
644,jb6kulnu4a,TlessC2,14,full box,1
645,byfxyzi7ex,TlessC2,14,tube,2
646,lbsj1fwleg,TlessC2,14,cylinder,2
647,54u0q088kc,TlessC2,14,cylinder,2
648,5l91a8hy94,TlessC2,14,cylinder,2
649,yqfqbizb2m,TlessC2,15,cube,1
650,lbsj1fwleg,TlessC2,15,cube,1
651,26szfwpc69,TlessC2,15,cube,1
652,5l91a8hy94,TlessC2,15,square,1
653,jb6kulnu4a,TlessC2,15,box,1
654,klbrxalljc,TlessC2,15,cylinder,2
655,z029xwmfae,TlessC2,15,cup,2
656,byfxyzi7ex,TlessC2,15,tube,2
657,e12ud0653b,TlessC2,15,cube,2
658,i3hvactu71,TlessC2,15,cylinder,2
659,mdrylsx1sf,TlessC2,15,cylender,2
660,54u0q088kc,TlessC2,15,cylinder,2
661,yqfqbizb2m,TlessC2,16,triangle dot,1
662,byfxyzi7ex,TlessC2,16,triangle with one circle,1
663,mdrylsx1sf,TlessC2,16,dot,1
664,54u0q088kc,TlessC2,16,triangle with one dot,1
665,jb6kulnu4a,TlessC2,16,triangle with one dot,1
666,klbrxalljc,TlessC2,16,square,2
667,z029xwmfae,TlessC2,16,cold,2
668,e12ud0653b,TlessC2,16,square,2
669,lbsj1fwleg,TlessC2,16,square,2
670,i3hvactu71,TlessC2,16,square,2
671,26szfwpc69,TlessC2,16,square,2
672,5l91a8hy94,TlessC2,16,square,2
673,z029xwmfae,TlessC2,17,almost,1
674,byfxyzi7ex,TlessC2,17,circle,1
675,i3hvactu71,TlessC2,17,circle,1
676,mdrylsx1sf,TlessC2,17,circle,1
677,54u0q088kc,TlessC2,17,circle,1
678,26szfwpc69,TlessC2,17,circle,1
679,jb6kulnu4a,TlessC2,17,circle,1
680,yqfqbizb2m,TlessC2,17,triangle,2
681,klbrxalljc,TlessC2,17,triangle,2
682,e12ud0653b,TlessC2,17,triangle,2
683,lbsj1fwleg,TlessC2,17,triangle,2
684,5l91a8hy94,TlessC2,17,triangle,2
685,yqfqbizb2m,TlessC2,18,less bent,1
686,z029xwmfae,TlessC2,18,bent,1
687,byfxyzi7ex,TlessC2,18,straighter line,1
688,5l91a8hy94,TlessC2,18,bent line,1
689,klbrxalljc,TlessC2,18,arrow,2
690,e12ud0653b,TlessC2,18,arrow,2
691,lbsj1fwleg,TlessC2,18,line with arrow,2
692,i3hvactu71,TlessC2,18,arrow,2
693,mdrylsx1sf,TlessC2,18,arrow,2
694,54u0q088kc,TlessC2,18,arrow,2
695,26szfwpc69,TlessC2,18,arrow,2
696,jb6kulnu4a,TlessC2,18,arrow,2
697,yqfqbizb2m,TlessC2,19,cone,1
698,klbrxalljc,TlessC2,19,cylinder,1
699,z029xwmfae,TlessC2,19,almost full,1
700,e12ud0653b,TlessC2,19,cube,1
701,i3hvactu71,TlessC2,19,cylinder,1
702,54u0q088kc,TlessC2,19,cylinder,1
703,26szfwpc69,TlessC2,19,full cylinder,1
704,jb6kulnu4a,TlessC2,19,cylinder,1
705,byfxyzi7ex,TlessC2,19,box,2
706,lbsj1fwleg,TlessC2,19,cube,2
707,mdrylsx1sf,TlessC2,19,box,2
708,5l91a8hy94,TlessC2,19,square,2
709,yqfqbizb2m,TlessC2,20,barely filled,1
710,klbrxalljc,TlessC2,20,mostly empty cylinder,1
711,byfxyzi7ex,TlessC2,20,emptiest glass,1
712,e12ud0653b,TlessC2,20,almost empty cube,1
713,54u0q088kc,TlessC2,20,empty cylinder,1
714,26szfwpc69,TlessC2,20,empty cylinder,1
715,5l91a8hy94,TlessC2,20,cylinder,1
716,z029xwmfae,TlessC2,20,empty,2
717,lbsj1fwleg,TlessC2,20,cube,2
718,i3hvactu71,TlessC2,20,cube,2
719,mdrylsx1sf,TlessC2,20,box,2
720,jb6kulnu4a,TlessC2,20,box,2
721,klbrxalljc,TlessC2,21,line,1
722,z029xwmfae,TlessC2,21,line,1
723,lbsj1fwleg,TlessC2,21,line without arrow,1
724,mdrylsx1sf,TlessC2,21,line,1
725,54u0q088kc,TlessC2,21,line,1
726,yqfqbizb2m,TlessC2,21,arrow,2
727,byfxyzi7ex,TlessC2,21,arrow,2
728,e12ud0653b,TlessC2,21,arrow,2
729,i3hvactu71,TlessC2,21,arrow,2
730,26szfwpc69,TlessC2,21,arrow,2
731,5l91a8hy94,TlessC2,21,arrow,2
732,jb6kulnu4a,TlessC2,21,arrow,2
733,byfxyzi7ex,TlessC2,22,short line,1
734,e12ud0653b,TlessC2,22,shorter line,1
735,i3hvactu71,TlessC2,22,short line,1
736,mdrylsx1sf,TlessC2,22,short line,1
737,26szfwpc69,TlessC2,22,small dash,1
738,5l91a8hy94,TlessC2,22,small line,1
739,yqfqbizb2m,TlessC2,22,arrow,2
740,klbrxalljc,TlessC2,22,arrow,2
741,z029xwmfae,TlessC2,22,right,2
742,lbsj1fwleg,TlessC2,22,line with arrow,2
743,54u0q088kc,TlessC2,22,arrow,2
744,jb6kulnu4a,TlessC2,22,arrow,2
745,yqfqbizb2m,TlessC2,23,square,1
746,z029xwmfae,TlessC2,23,box,1
747,e12ud0653b,TlessC2,23,square,1
748,i3hvactu71,TlessC2,23,square,1
749,26szfwpc69,TlessC2,23,square,1
750,klbrxalljc,TlessC2,23,triangle,2
751,byfxyzi7ex,TlessC2,23,triangle,2
752,lbsj1fwleg,TlessC2,23,triangle,2
753,mdrylsx1sf,TlessC2,23,traingle,2
754,54u0q088kc,TlessC2,23,triangle,2
755,5l91a8hy94,TlessC2,23,triangle,2
756,jb6kulnu4a,TlessC2,23,triangle,2
757,yqfqbizb2m,TlessC2,24,small triangle,1
758,klbrxalljc,TlessC2,24,small triangle,1
759,byfxyzi7ex,TlessC2,24,smaller triangle,1
760,e12ud0653b,TlessC2,24,smaller triangle,1
761,i3hvactu71,TlessC2,24,triangle,1
762,mdrylsx1sf,TlessC2,24,pyramid,1
763,z029xwmfae,TlessC2,24,box,2
764,lbsj1fwleg,TlessC2,24,square,2
765,54u0q088kc,TlessC2,24,square,2
766,26szfwpc69,TlessC2,24,square,2
767,5l91a8hy94,TlessC2,24,square,2
768,jb6kulnu4a,TlessC2,24,square,2
769,yqfqbizb2m,TlessC2,25,oval,1
770,klbrxalljc,TlessC2,25,oval,1
771,byfxyzi7ex,TlessC2,25,oval,1
772,e12ud0653b,TlessC2,25,oval,1
773,lbsj1fwleg,TlessC2,25,oval,1
774,26szfwpc69,TlessC2,25,oval,1
775,z029xwmfae,TlessC2,25,full,2
776,i3hvactu71,TlessC2,25,full square,2
777,mdrylsx1sf,TlessC2,25,square,2
778,54u0q088kc,TlessC2,25,rectangle,2
779,5l91a8hy94,TlessC2,25,rectangle,2
780,jb6kulnu4a,TlessC2,25,rectangle,2
781,yqfqbizb2m,TlessC2,26,skinny box,1
782,klbrxalljc,TlessC2,26,thin rectangle,1
783,e12ud0653b,TlessC2,26,thin rectangle,1
784,lbsj1fwleg,TlessC2,26,more thin line,1
785,jb6kulnu4a,TlessC2,26,thin rectangle,1
786,z029xwmfae,TlessC2,26,skinny,2
787,byfxyzi7ex,TlessC2,26,oval,2
788,i3hvactu71,TlessC2,26,oval,2
789,mdrylsx1sf,TlessC2,26,oval,2
790,54u0q088kc,TlessC2,26,oval,2
791,26szfwpc69,TlessC2,26,oval,2
792,5l91a8hy94,TlessC2,26,oval,2
793,klbrxalljc,TlessC2,27,swirled ribbon,1
794,z029xwmfae,TlessC2,27,spinny,1
795,e12ud0653b,TlessC2,27,swirl,1
796,lbsj1fwleg,TlessC2,27,squiggle,1
797,yqfqbizb2m,TlessC2,27,cone,2
798,byfxyzi7ex,TlessC2,27,tube,2
799,i3hvactu71,TlessC2,27,cylinder,2
800,mdrylsx1sf,TlessC2,27,cylender,2
801,54u0q088kc,TlessC2,27,cylinder,2
802,26szfwpc69,TlessC2,27,cylinder,2
803,5l91a8hy94,TlessC2,27,cylinder,2
804,jb6kulnu4a,TlessC2,27,cylinder,2
805,yqfqbizb2m,TlessC2,28,small ribbon,1
806,z029xwmfae,TlessC2,28,dna,1
807,byfxyzi7ex,TlessC2,28,small spiral,1
808,e12ud0653b,TlessC2,28,little swirl,1
809,i3hvactu71,TlessC2,28,little ribbon,1
810,mdrylsx1sf,TlessC2,28,spiral,1
811,54u0q088kc,TlessC2,28,smaller spiral,1
812,5l91a8hy94,TlessC2,28,little twist,1
813,klbrxalljc,TlessC2,28,cylinder,2
814,lbsj1fwleg,TlessC2,28,flat oval,2
815,26szfwpc69,TlessC2,28,disc,2
816,jb6kulnu4a,TlessC2,28,coin,2
817,z029xwmfae,TlessC2,29,bar,1
818,lbsj1fwleg,TlessC2,29,line without arrow,1
819,i3hvactu71,TlessC2,29,line,1
820,54u0q088kc,TlessC2,29,line,1
821,5l91a8hy94,TlessC2,29,line,1
822,yqfqbizb2m,TlessC2,29,arrow,2
823,klbrxalljc,TlessC2,29,arrow,2
824,byfxyzi7ex,TlessC2,29,arrow,2
825,e12ud0653b,TlessC2,29,arrow,2
826,mdrylsx1sf,TlessC2,29,arrow,2
827,26szfwpc69,TlessC2,29,arrow,2
828,jb6kulnu4a,TlessC2,29,arrow,2
829,e12ud0653b,TlessC2,30,thinner line,1
830,jb6kulnu4a,TlessC2,30,thin line,1
831,yqfqbizb2m,TlessC2,30,arrow,2
832,klbrxalljc,TlessC2,30,arrow,2
833,z029xwmfae,TlessC2,30,ray,2
834,byfxyzi7ex,TlessC2,30,arrow,2
835,lbsj1fwleg,TlessC2,30,line with arrow,2
836,i3hvactu71,TlessC2,30,arrow,2
837,mdrylsx1sf,TlessC2,30,arrow,2
838,54u0q088kc,TlessC2,30,arrow,2
839,26szfwpc69,TlessC2,30,arrow,2
840,5l91a8hy94,TlessC2,30,arrow,2
841,yqfqbizb2m,TlessC2,31,line,1
842,klbrxalljc,TlessC2,31,line,1
843,byfxyzi7ex,TlessC2,31,line,1
844,mdrylsx1sf,TlessC2,31,line,1
845,54u0q088kc,TlessC2,31,line,1
846,5l91a8hy94,TlessC2,31,line,1
847,z029xwmfae,TlessC2,31,ray,2
848,e12ud0653b,TlessC2,31,arrow,2
849,lbsj1fwleg,TlessC2,31,line with arrow,2
850,i3hvactu71,TlessC2,31,arrow,2
851,26szfwpc69,TlessC2,31,arrow,2
852,jb6kulnu4a,TlessC2,31,arrow,2
853,z029xwmfae,TlessC2,32,straight,1
854,i3hvactu71,TlessC2,32,short line,1
855,26szfwpc69,TlessC2,32,small dash,1
856,5l91a8hy94,TlessC2,32,small line,1
857,jb6kulnu4a,TlessC2,32,short line,1
858,yqfqbizb2m,TlessC2,32,arrow,2
859,klbrxalljc,TlessC2,32,arrow,2
860,byfxyzi7ex,TlessC2,32,arrow,2
861,e12ud0653b,TlessC2,32,arrow,2
862,lbsj1fwleg,TlessC2,32,line with arrow,2
863,mdrylsx1sf,TlessC2,32,arrow,2
864,54u0q088kc,TlessC2,32,arrow,2
865,klbrxalljc,TlessC2,33,triangle,1
866,byfxyzi7ex,TlessC2,33,triangle,1
867,lbsj1fwleg,TlessC2,33,triangle,1
868,i3hvactu71,TlessC2,33,triangle,1
869,54u0q088kc,TlessC2,33,triangle,1
870,26szfwpc69,TlessC2,33,triangle,1
871,5l91a8hy94,TlessC2,33,triangle,1
872,yqfqbizb2m,TlessC2,33,square,2
873,z029xwmfae,TlessC2,33,big,2
874,e12ud0653b,TlessC2,33,square,2
875,mdrylsx1sf,TlessC2,33,square,2
876,jb6kulnu4a,TlessC2,33,square,2
877,klbrxalljc,TlessC2,34,smaller square,1
878,z029xwmfae,TlessC2,34,cold,1
879,e12ud0653b,TlessC2,34,smaller square,1
880,i3hvactu71,TlessC2,34,small square,1
881,54u0q088kc,TlessC2,34,smaller square,1
882,yqfqbizb2m,TlessC2,34,triangle,2
883,byfxyzi7ex,TlessC2,34,triangle,2
884,lbsj1fwleg,TlessC2,34,triangle,2
885,mdrylsx1sf,TlessC2,34,traingle,2
886,26szfwpc69,TlessC2,34,triangle,2
887,5l91a8hy94,TlessC2,34,triangle,2
888,jb6kulnu4a,TlessC2,34,triangle,2
889,yqfqbizb2m,TlessC2,35,box,1
890,klbrxalljc,TlessC2,35,rectangle,1
891,z029xwmfae,TlessC2,35,box,1
892,e12ud0653b,TlessC2,35,rectangle,1
893,lbsj1fwleg,TlessC2,35,rectangle,1
894,i3hvactu71,TlessC2,35,rectangle,1
895,54u0q088kc,TlessC2,35,rectangle,1
896,26szfwpc69,TlessC2,35,rectangle,1
897,byfxyzi7ex,TlessC2,35,oval,2
898,mdrylsx1sf,TlessC2,35,oval,2
899,5l91a8hy94,TlessC2,35,oval,2
900,jb6kulnu4a,TlessC2,35,oval,2
901,yqfqbizb2m,TlessC2,36,skinny oval,1
902,z029xwmfae,TlessC2,36,full,1
903,i3hvactu71,TlessC2,36,narrowest oval,1
904,54u0q088kc,TlessC2,36,thin oval,1
905,26szfwpc69,TlessC2,36,narrow oval,1
906,jb6kulnu4a,TlessC2,36,small oval,1
907,klbrxalljc,TlessC2,36,rectangle,2
908,byfxyzi7ex,TlessC2,36,bar,2
909,e12ud0653b,TlessC2,36,rectangle,2
910,lbsj1fwleg,TlessC2,36,line,2
911,mdrylsx1sf,TlessC2,36,rectangle,2
912,5l91a8hy94,TlessC2,36,bar,2
913,z029xwmfae,TlessC2,37,cup,1
914,e12ud0653b,TlessC2,37,cube,1
915,lbsj1fwleg,TlessC2,37,cylinder,1
916,yqfqbizb2m,TlessC2,37,ribbon,2
917,klbrxalljc,TlessC2,37,swirling ribbon,2
918,byfxyzi7ex,TlessC2,37,spiral,2
919,i3hvactu71,TlessC2,37,spiral,2
920,mdrylsx1sf,TlessC2,37,spiral,2
921,54u0q088kc,TlessC2,37,spiral,2
922,26szfwpc69,TlessC2,37,swirl,2
923,5l91a8hy94,TlessC2,37,twister,2
924,jb6kulnu4a,TlessC2,37,tornado,2
925,e12ud0653b,TlessC2,38,smaller cube,1
926,i3hvactu71,TlessC2,38,short cylinder,1
927,mdrylsx1sf,TlessC2,38,short cylender,1
928,54u0q088kc,TlessC2,38,short cylinder,1
929,jb6kulnu4a,TlessC2,38,short cylinder,1
930,yqfqbizb2m,TlessC2,38,ribbon,2
931,klbrxalljc,TlessC2,38,ribbon,2
932,z029xwmfae,TlessC2,38,small,2
933,byfxyzi7ex,TlessC2,38,spiral,2
934,lbsj1fwleg,TlessC2,38,squiggle,2
935,26szfwpc69,TlessC2,38,swirl,2
936,5l91a8hy94,TlessC2,38,twist,2
937,yqfqbizb2m,TlessC2,39,line,1
938,klbrxalljc,TlessC2,39,thin rectangle,1
939,z029xwmfae,TlessC2,39,solid,1
940,i3hvactu71,TlessC2,39,line,1
941,mdrylsx1sf,TlessC2,39,line,1
942,26szfwpc69,TlessC2,39,straight line,1
943,byfxyzi7ex,TlessC2,39,arrow,2
944,e12ud0653b,TlessC2,39,arrow,2
945,lbsj1fwleg,TlessC2,39,line with arrow,2
946,54u0q088kc,TlessC2,39,arrow,2
947,5l91a8hy94,TlessC2,39,arrow,2
948,jb6kulnu4a,TlessC2,39,arrow,2
949,e12ud0653b,TlessC2,40,thiner line,1
950,i3hvactu71,TlessC2,40,thin line non arrow,1
951,54u0q088kc,TlessC2,40,thin line,1
952,5l91a8hy94,TlessC2,40,thin line,1
953,jb6kulnu4a,TlessC2,40,thin line,1
954,yqfqbizb2m,TlessC2,40,arrow,2
955,klbrxalljc,TlessC2,40,arrow,2
956,z029xwmfae,TlessC2,40,ray,2
957,byfxyzi7ex,TlessC2,40,arrow,2
958,lbsj1fwleg,TlessC2,40,line with arrow,2
959,mdrylsx1sf,TlessC2,40,arrow,2
960,26szfwpc69,TlessC2,40,arrow,2