HITId,HITTypeId,Title,Description,Keywords,Reward,CreationTime,MaxAssignments,RequesterAnnotation,AssignmentDurationInSeconds,AutoApprovalDelayInSeconds,Expiration,NumberOfSimilarHITs,LifetimeInSeconds,AssignmentId,WorkerId,AssignmentStatus,AcceptTime,SubmitTime,AutoApprovalTime,ApprovalTime,RejectionTime,RequesterFeedback,WorkTimeInSeconds,LifetimeApprovalRate,Last30DaysApprovalRate,Last7DaysApprovalRate,Input.experimentName,Input.List,Answer.assess,Answer.freeGenCrit,Answer.freeGenCrit1,Answer.freeGenCrit10,Answer.freeGenCrit11,Answer.freeGenCrit12,Answer.freeGenCrit13,Answer.freeGenCrit14,Answer.freeGenCrit15,Answer.freeGenCrit16,Answer.freeGenCrit17,Answer.freeGenCrit18,Answer.freeGenCrit19,Answer.freeGenCrit2,Answer.freeGenCrit20,Answer.freeGenCrit21,Answer.freeGenCrit22,Answer.freeGenCrit23,Answer.freeGenCrit24,Answer.freeGenCrit25,Answer.freeGenCrit26,Answer.freeGenCrit27,Answer.freeGenCrit28,Answer.freeGenCrit29,Answer.freeGenCrit3,Answer.freeGenCrit30,Answer.freeGenCrit31,Answer.freeGenCrit32,Answer.freeGenCrit33,Answer.freeGenCrit34,Answer.freeGenCrit35,Answer.freeGenCrit36,Answer.freeGenCrit37,Answer.freeGenCrit38,Answer.freeGenCrit39,Answer.freeGenCrit4,Answer.freeGenCrit40,Answer.freeGenCrit5,Answer.freeGenCrit6,Answer.freeGenCrit7,Answer.freeGenCrit8,Answer.freeGenCrit9,Answer.freeWordCheck,Answer.listenerChoice,Answer.listenerSceneConfigs,Answer.listenerTurnOrder,Answer.litChoice1,Answer.litChoice2,Answer.litChoice3,Answer.litChoice4,Answer.litChoice5,Answer.litChoice6,Answer.litChoice7,Answer.litChoice8,Answer.nativeEnglish,Answer.refTypes,Answer.sceneConfigs,Answer.sceneTime,Answer.shapeCheck,Answer.turnOrder,Answer.wrongShape,Approve,Reject
3ZQA3IO31B4JV2MLSQXMC9KHLKA1O3,33YD3YS58SIZ71J94O34UJ34SNQCZQ,Describe an image among several other images (about 10 min),Native English speaker required. You need to allow Javascript to work on the HIT. In this task you will be asked to describe an image among several other images . You may take ONLY 1 HIT for this task.,"image, description, game",$2.00 ,Fri Oct 06 09:42:42 PDT 2017,4,BatchId:2962714;OriginalHitTemplateId:920937340;,3600,3600,Fri Oct 13 09:42:42 PDT 2017,,,337RC3OW06FUYDXFCE6LG0JN62QLVD,46f7kxujtr,Approved,Fri Oct 06 09:43:11 PDT 2017,Fri Oct 06 09:57:14 PDT 2017,Fri Oct 06 10:57:14 PDT 2017,2017-10-06 17:58:13 UTC,,,843,100% (1/1),100% (1/1),100% (1/1),impreciseAdjPracticeListenerFreeProduction,TlessC1,Yes,{},dotted square,triangle,triangle,circle,gentle curve,cube,cylinder,square,triangle,angle,full cylinder,bowl,cube,arrow,line,big square,square,wide oval,oval,big twister,cylinder,thick line,arrow,line,long line,line,big triangle,square,wide rectangle,rectangle,twister,cylinder,arrow,arrow,line,square,square,dotted triangle,line,triangle,sun,,BDAC;ACBD;ACDB;ADCB;ADBC;CDAB;DABC;ACBD,8;4;7;3;2;5;6;1,1,1,1,1,1,1,1,1,yes,1;1;2;2;2;1;1;1;2;1;2;1;1;1;2;2;2;1;1;2;2;1;1;2;1;2;1;2;1;1;1;1;1;1;1;2;2;1;2;1,CDAB;CABD;CBAD;BDAC;DBAC;CADB;CDBA;ADBC;CDAB;ACDB;CBDA;CDBA;ACBD;ACBD;DBAC;BDAC;CDBA;DBCA;ACBD;DCAB;DBAC;BACD;CADB;DBCA;CBDA;ADCB;DBAC;ABDC;DBAC;ABCD;ADBC;CDBA;BCDA;BCDA;ADCB;ADBC;ACDB;BACD;CDBA;ACBD,20516;4845;1928;5168;12105;8944;2414;6089;2695;2616;5202;6983;6135;2424;2320;1824;1912;1375;3065;1990;3240;4016;1448;3393;2960;2111;1687;1928;5864;4105;4272;1895;1914;2734;3280;2119;1639;3343;1520;1608,sun,10;33;14;2;22;13;38;19;28;4;35;7;31;39;11;21;15;40;1;20;3;36;30;25;37;17;26;24;18;23;27;16;5;12;8;9;6;29;32;34,0,,
3ZQA3IO31B4JV2MLSQXMC9KHLKA1O3,33YD3YS58SIZ71J94O34UJ34SNQCZQ,Describe an image among several other images (about 10 min),Native English speaker required. You need to allow Javascript to work on the HIT. In this task you will be asked to describe an image among several other images . You may take ONLY 1 HIT for this task.,"image, description, game",$2.00 ,Fri Oct 06 09:42:42 PDT 2017,4,BatchId:2962714;OriginalHitTemplateId:920937340;,3600,3600,Fri Oct 13 09:42:42 PDT 2017,,,3B3WTRP3DCFQ0KY4Z7JK9MVH9AG92W,k3btsw99p8,Approved,Fri Oct 06 09:43:11 PDT 2017,Fri Oct 06 10:09:51 PDT 2017,Fri Oct 06 11:09:51 PDT 2017,2017-10-06 18:10:13 UTC,,,1600,100% (1/1),100% (1/1),100% (1/1),impreciseAdjPracticeListenerFreeProduction,TlessC1,Yes,{},circle,square,circle with 1 dot,square,arrow pointing right,cube,cylinder,square,near complete circle,arrow pointing right,full cylinder,partial triangle,square,big line w/ no arrow,line no arrow,big square,zquare,big oval,rectangle,cylinder,cylinder,arrow pointing right,bent line with no arrow,line with no arrow,bigger line no arrow,arrow pointing right,big triangle,square,big oval,rectangle,spiral,cylinder,first horizontal line,bent line with no arrow,line with no arrow,circle with dots,triangle,six dotted square,bent line with no arrow,triangle,sun,,DCBA;CDAB;DBCA;ABDC;BDAC;BCAD;BACD;CABD,6;5;4;2;7;8;1;3,1,1,1,1,1,1,1,1,yes,2;2;1;1;1;2;2;1;2;2;1;2;2;1;2;2;1;2;1;2;1;1;1;2;1;1;2;2;2;1;1;2;1;1;2;2;2;1;1;1,ACDB;DCAB;BCAD;DCAB;DABC;ABDC;ADCB;BCAD;BCAD;DACB;CDAB;BCDA;ADCB;BACD;CBAD;DBAC;CDBA;DABC;CADB;ADBC;CADB;CBAD;ADCB;BCAD;BACD;BCDA;BADC;ABCD;DCAB;DBAC;DBAC;BDCA;BCDA;ABDC;BCAD;BDAC;ABCD;DACB;DBCA;DBAC,14313;18193;38362;11237;2344;5150;4391;8063;3265;4231;4529;7201;3015;4696;5583;5216;23498;2879;2647;3047;3497;2136;3899;3924;3353;2064;2063;24784;5216;4498;3026;2142;2663;3553;3246;2192;3496;4856;2211;7505,sun,39;14;8;11;34;28;25;2;35;17;7;29;32;23;40;30;4;9;15;1;36;38;33;13;18;6;27;24;3;31;37;12;26;19;5;20;22;21;16;10,0,,
3ZQA3IO31B4JV2MLSQXMC9KHLKA1O3,33YD3YS58SIZ71J94O34UJ34SNQCZQ,Describe an image among several other images (about 10 min),Native English speaker required. You need to allow Javascript to work on the HIT. In this task you will be asked to describe an image among several other images . You may take ONLY 1 HIT for this task.,"image, description, game",$2.00 ,Fri Oct 06 09:42:42 PDT 2017,4,BatchId:2962714;OriginalHitTemplateId:920937340;,3600,3600,Fri Oct 13 09:42:42 PDT 2017,,,3ND9UOO81LF7D2XK2OBH2221DBSLWN,js7qgaptak,Approved,Fri Oct 06 09:58:30 PDT 2017,Fri Oct 06 10:26:00 PDT 2017,Fri Oct 06 11:26:00 PDT 2017,2017-10-06 18:26:13 UTC,,,1650,100% (5/5),100% (1/1),100% (1/1),impreciseAdjPracticeListenerFreeProduction,TlessC1,Yes,{},square with dots,triangle,circle with one dot,square,slightly curved line,cube,mostly empty cube,square,mostly complete circle,arrow,cube,half circle,cylinder,arrow,line,big square,triangle,fatter oval,rectangle,bigger cyclone,part of a cylinder,arrow,bent arrow,line,longer line,line,larger triangle,triangle,fatter rectangle,rectangle,larger cylinder,part of cylinder,arrow,curved line,arrow,square,triangle,square,curved arrow,square with dots,sun,,DABC;CDAB;BCAD;BCAD;BDCA;CADB;ABCD;BADC,4;1;3;2;8;6;5;7,1,1,1,1,1,1,1,1,yes,1;1;2;1;2;2;2;2;1;1;1;2;1;1;1;2;1;2;2;1;2;1;1;1;1;1;1;2;2;1;1;1;1;2;1;2;1;1;2;2,BDAC;BDAC;CBDA;CDBA;BDAC;CADB;BACD;ABDC;DCBA;DCBA;BDCA;BADC;CBDA;BDAC;DBAC;CBDA;DABC;BCDA;DBAC;CADB;ADBC;BADC;CABD;DBAC;DCAB;BADC;DABC;DCAB;BDAC;CADB;CDAB;CABD;CABD;DCAB;CBDA;CBDA;DCBA;BDCA;DABC;BACD,8821;6794;6035;4030;11010;3466;5497;5772;3567;3107;3302;2882;4692;3985;5113;4756;5747;3129;3649;3896;3310;4864;93259;6115;3544;5833;2890;2920;5193;3959;3006;5652;2984;4139;6051;2911;5144;4201;4012;4475,sun,16;17;31;34;15;6;26;29;40;10;36;18;9;2;37;33;28;30;21;23;24;19;22;1;20;13;14;39;11;7;12;25;5;38;35;32;4;27;3;8,0,,
3ZQA3IO31B4JV2MLSQXMC9KHLKA1O3,33YD3YS58SIZ71J94O34UJ34SNQCZQ,Describe an image among several other images (about 10 min),Native English speaker required. You need to allow Javascript to work on the HIT. In this task you will be asked to describe an image among several other images . You may take ONLY 1 HIT for this task.,"image, description, game",$2.00 ,Fri Oct 06 09:42:42 PDT 2017,4,BatchId:2962714;OriginalHitTemplateId:920937340;,3600,3600,Fri Oct 13 09:42:42 PDT 2017,,,3TVRFO09GLSM222ACT734LG8MDYLXG,07arv648s8,Approved,Fri Oct 06 10:46:45 PDT 2017,Fri Oct 06 11:33:08 PDT 2017,Fri Oct 06 12:33:08 PDT 2017,2017-10-06 19:33:16 UTC,,,2783,100% (5/5),100% (1/1),100% (1/1),impreciseAdjPracticeListenerFreeProduction,TlessC1,No,{},square,square,triangle,circle,circle,cube,cube,triangle,triangle,oval,cube,cloud,line,sun,star,triangle,triangle,square,star,oval,sun,sun,line,star,cloud,cube,square,truiangle,oval,sun,line,star,star,star,circle,triangle,star,triangle,triangle,triangle,sun,,BCAD;DBAC;DABC;CBDA;CBDA;CDBA;CABD;CABD,7;4;1;2;3;6;8;5,1,1,1,1,1,1,1,1,yes,2;1;2;2;1;2;2;2;1;1;2;2;1;2;1;1;2;1;1;1;1;2;2;1;2;2;1;2;1;2;2;1;2;2;2;1;1;1;1;1,BCAD;CBAD;CADB;DACB;ABDC;CBDA;ABDC;DABC;BDCA;ABDC;BDCA;ABCD;BADC;DABC;ACBD;ABCD;BACD;ACBD;ACDB;BADC;BDAC;ACBD;ABDC;DBCA;BDCA;CABD;BDCA;ADBC;DBAC;CABD;CBDA;ACDB;ACDB;CBDA;ABCD;BCAD;BADC;DCBA;ADBC;ABDC,13128;5551;31480;9352;9562;9667;6031;13881;23511;39143;8203;5132;7929;18684;4623;5561;8207;17888;4259;14140;9095;7504;4751;9575;4702;8041;6160;3265;16372;6475;4135;8329;5975;20592;5959;4544;4823;4888;4760;5479,sun,25;30;19;1;34;13;10;35;11;8;16;26;21;3;20;7;17;27;39;36;32;15;38;12;28;18;23;4;2;33;29;5;14;6;9;22;31;37;40;24,0,,
3GS542CVJV0FCXJYROGGI92921T95F,33YD3YS58SIZ71J94O34UJ34SNQCZQ,Describe an image among several other images (about 10 min),Native English speaker required. You need to allow Javascript to work on the HIT. In this task you will be asked to describe an image among several other images . You may take ONLY 1 HIT for this task.,"image, description, game",$2.00 ,Fri Oct 06 09:42:43 PDT 2017,4,BatchId:2962714;OriginalHitTemplateId:920937340;,3600,3600,Fri Oct 13 09:42:43 PDT 2017,,,30BXRYBRP5A5R6EUB3WJAA9UWVPHWK,44s79gig2j,Approved,Fri Oct 06 10:26:52 PDT 2017,Fri Oct 06 10:39:31 PDT 2017,Fri Oct 06 11:39:31 PDT 2017,2017-10-06 18:40:13 UTC,,,759,100% (1/1),100% (1/1),100% (1/1),impreciseAdjPracticeListenerFreeProduction,TlessC1,Yes,{},square circles,triangle,triangle,square,straighter line,3d box,emptiest cube,square,triangle,2 lines,fuller cylinder,half circle,3d box,arrow,arrow,triangle,triangle,rectangle,oval,taller toranado,cheese,arrow,2 lines NO arrow,line no arrow,longer line w/o arrow,arrow,bigger triangle,square,oval,oval,tallest cylinder,swirl,thicker line,arrow,line no arrow,circle dots,triangle,triangle circles,line no arrow,square dots,sun,,BDCA;BACD;ADCB;CBAD;BACD;CADB;DCBA;BCAD,4;7;8;6;1;2;3;5,1,1,1,1,1,1,1,1,yes,1;1;1;2;1;2;1;1;1;1;2;2;1;1;1;2;2;1;1;2;2;2;2;1;2;2;1;2;2;1;1;2;1;1;2;1;1;2;1;1,CABD;DCBA;DACB;BACD;DBAC;BDAC;ADCB;ADCB;CBAD;ABCD;DCBA;DABC;ADCB;CBAD;CABD;ACDB;BCAD;ADCB;DCBA;BCDA;CABD;BADC;ABCD;BACD;DBAC;CBAD;BDCA;DCAB;ACDB;CABD;DCBA;DABC;BCDA;DABC;BDCA;DCBA;BCDA;ADBC;BDAC;ACBD,28021;8295;12768;19146;6804;8379;9663;8208;5198;7418;7656;11310;7058;12093;14230;5124;5208;6048;5628;14762;5079;5705;5624;6786;8877;9903;9044;10846;4312;19007;6384;11247;8144;4937;4271;5293;8673;4217;13239;4959,sun,11;28;23;9;5;33;39;19;34;4;20;13;14;27;3;12;35;16;24;7;21;29;18;38;1;40;37;10;32;15;25;2;8;26;36;17;30;22;31;6,0,,
3GS542CVJV0FCXJYROGGI92921T95F,33YD3YS58SIZ71J94O34UJ34SNQCZQ,Describe an image among several other images (about 10 min),Native English speaker required. You need to allow Javascript to work on the HIT. In this task you will be asked to describe an image among several other images . You may take ONLY 1 HIT for this task.,"image, description, game",$2.00 ,Fri Oct 06 09:42:43 PDT 2017,4,BatchId:2962714;OriginalHitTemplateId:920937340;,3600,3600,Fri Oct 13 09:42:43 PDT 2017,,,320DUZ38G8Z5LQJKKYVM0K3LFYXGJH,1zfh15ephg,Approved,Fri Oct 06 09:43:11 PDT 2017,Fri Oct 06 10:14:16 PDT 2017,Fri Oct 06 11:14:16 PDT 2017,2017-10-06 18:15:13 UTC,,,1865,100% (3/3),100% (1/1),100% (1/1),impreciseAdjPracticeListenerFreeProduction,TlessC1,Yes,{},dotted square,striped triangle,triangle,square,line,cylinder,cylinder,square,triangle,line,full cylinder,circle,cyliner,line long,arrow,triangle,square,square,oval,cylinder,swirly,arrow,chair,line,long line,line,large triangle,triangle,fat rectangle,oval,cylinder,swirly,thick line,curve,arrow,square,triangle,dotted triangle,arrow,dotted square,sun,,ABCD;ABDC;CDBA;DBCA;DABC;ACBD;BADC;BDAC,1;4;5;8;6;3;2;7,1,1,1,1,1,1,1,1,yes,1;1;1;1;2;2;1;2;1;1;2;2;1;2;2;2;2;1;1;1;1;2;2;2;2;2;2;1;2;1;1;1;1;2;1;1;1;2;1;2,BDAC;BDAC;ABCD;DCBA;ADBC;BACD;DBAC;DBAC;ACDB;ACBD;BACD;ADBC;CDBA;DBCA;DCAB;BCAD;CABD;ABCD;ABCD;BCAD;BCAD;BDAC;CBDA;CBAD;DACB;ADCB;CDAB;CDAB;DACB;DCBA;CDAB;DACB;DCBA;ABDC;CDBA;BCDA;BDCA;BADC;BCAD;ACBD,27712;10682;4651;7248;3828;3893;7048;6260;5966;7560;181459;12589;7978;4906;3674;2483;2669;3682;2631;3551;3981;2484;2875;5837;3091;3491;2467;5357;5687;3121;2679;3051;2688;8830;3503;3168;4283;6158;3373;2303,sun,7;10;40;1;30;29;38;39;31;34;5;13;3;20;8;12;24;9;22;14;23;16;6;37;18;25;26;33;32;11;27;2;17;21;28;4;19;35;15;36,0,,
3GS542CVJV0FCXJYROGGI92921T95F,33YD3YS58SIZ71J94O34UJ34SNQCZQ,Describe an image among several other images (about 10 min),Native English speaker required. You need to allow Javascript to work on the HIT. In this task you will be asked to describe an image among several other images . You may take ONLY 1 HIT for this task.,"image, description, game",$2.00 ,Fri Oct 06 09:42:43 PDT 2017,4,BatchId:2962714;OriginalHitTemplateId:920937340;,3600,3600,Fri Oct 13 09:42:43 PDT 2017,,,3AAJC4I4FH55C7EPAQJBLRJRQPZZJZ,7m2t6oo0lp,Approved,Fri Oct 06 10:39:51 PDT 2017,Fri Oct 06 11:35:01 PDT 2017,Fri Oct 06 12:35:01 PDT 2017,2017-10-06 19:35:15 UTC,,,3310,100% (1/1),100% (1/1),100% (1/1),impreciseAdjPracticeListenerFreeProduction,TlessC1,Yes,{},circle,square,circle with one dot,square,less curved line with no arrow,cube,least full cube,square,triangle,bent line,cube,horseshow shaped line,cube,line with arrow,line with no arrow,larger square,square,rectangle,oval shape,cylinder,coin shape,thicker line with no arrow,bent line with no arrow,line with arrow,longer line with no arrow,line with no arrow,square,square,wider rectangle,oval shape,spiral ribbon,cylinder,line with arrow,curved line with no pointer,line with arrow,circle with dots,triangle,square,curved line with no arrow,triangle,sun,,ADBC;DCAB;ADCB;ADBC;CDBA;ADBC;BACD;BCAD,5;1;4;7;6;3;2;8,1,1,1,1,1,1,1,1,yes,2;1;1;1;1;2;2;1;2;2;1;2;1;1;1;2;2;1;2;2;2;1;1;2;2;2;2;2;1;2;1;1;2;1;1;1;2;1;2;2,BCDA;DCBA;CDAB;ACBD;ACDB;ACBD;ABDC;CDAB;BACD;CABD;ADCB;ABDC;ADBC;BCAD;ADBC;BADC;ABCD;BDCA;CBDA;BCAD;CDAB;BCAD;ABCD;BCAD;ADBC;BDCA;DACB;DCAB;DCAB;BDAC;ABCD;DCAB;ADCB;DCAB;DCBA;CDBA;ADBC;ABDC;CBDA;DABC,35396;15584;23222;5032;12328;11048;6083;57910;11599;16429;5347;5359;6688;5592;20151;72471;14602;7022;7330;19120;10830;9528;8087;7984;32489;4991;4942;6041;6528;11944;6007;7600;17175;14103;5640;5834;5663;6991;7609;13305,sun,39;10;4;14;22;8;20;15;32;28;19;34;40;24;2;26;37;30;7;35;31;3;36;9;13;33;6;25;18;11;27;21;5;29;1;12;16;17;23;38,0,,
3GS542CVJV0FCXJYROGGI92921T95F,33YD3YS58SIZ71J94O34UJ34SNQCZQ,Describe an image among several other images (about 10 min),Native English speaker required. You need to allow Javascript to work on the HIT. In this task you will be asked to describe an image among several other images . You may take ONLY 1 HIT for this task.,"image, description, game",$2.00 ,Fri Oct 06 09:42:43 PDT 2017,4,BatchId:2962714;OriginalHitTemplateId:920937340;,3600,3600,Fri Oct 13 09:42:43 PDT 2017,,,3G5W44VEU8V0WAP22JVY1Z3YUNXGKG,q5h8kuy9j1,Approved,Fri Oct 06 09:43:11 PDT 2017,Fri Oct 06 10:31:51 PDT 2017,Fri Oct 06 11:31:51 PDT 2017,2017-10-06 18:32:13 UTC,,,2920,100% (1/1),100% (1/1),100% (1/1),impreciseAdjPracticeListenerFreeProduction,TlessC1,Yes,{},circle,triangle,one dot circle,square,less curved line,cube,less full square,square,triangle,arrow,more full cylinder,circular shape,cylinder,arrow,arrow,larger square,triangle,wider oval,oval,larger helix,squiggle,arrow,arrow,arrow,longer line,line,larger triangle,triangle,oval,oval,helix,cylinder,thicker line,line,line,circle,triangle,square,line,spotted square,sun,,BCDA;DCAB;ACDB;DACB;CDBA;DBAC;DBCA;BDCA,8;2;1;4;5;3;6;7,1,1,1,1,1,1,1,1,yes,2;1;2;1;1;2;2;1;1;1;1;2;1;1;1;2;2;2;1;1;2;2;1;1;1;2;1;1;2;2;1;1;1;2;2;1;2;1;1;1,CBAD;ADCB;DABC;CADB;ADCB;BCAD;BCDA;BDCA;DACB;ABCD;CABD;ACBD;DBCA;CABD;DACB;BCDA;DACB;CADB;CABD;ABDC;ADCB;ABCD;ACDB;BACD;BDAC;CBDA;DBCA;DACB;ACBD;BADC;DBCA;BDCA;DBCA;DBCA;DBAC;DCAB;ACDB;BADC;DCBA;ABCD,5743;6961;6731;5247;7195;9511;4556;27291;5561;3295;8210;5582;3691;2469;2989;5778;2987;2956;2704;2309;3869;5736;3158;3541;8215;7335;2399;2703;2855;2713;2451;6169;2086;3257;2181;4586;3961;3764;3145;3692,sun,40;25;32;36;9;12;31;11;39;17;2;28;4;35;21;27;37;6;34;30;33;10;24;20;15;19;8;29;7;14;22;13;18;5;1;38;23;3;26;16,0,,
3BFNCI9LYK38KZ81Y8U3PGDJTFE73B,33YD3YS58SIZ71J94O34UJ34SNQCZQ,Describe an image among several other images (about 10 min),Native English speaker required. You need to allow Javascript to work on the HIT. In this task you will be asked to describe an image among several other images . You may take ONLY 1 HIT for this task.,"image, description, game",$2.00 ,Fri Oct 06 09:42:43 PDT 2017,4,BatchId:2962714;OriginalHitTemplateId:920937340;,3600,3600,Fri Oct 13 09:42:43 PDT 2017,,,31HQ4X3T3TNE6LGBIJ1G5DZG7YWLS8,zoixf8k59p,Approved,Fri Oct 06 09:47:45 PDT 2017,Fri Oct 06 10:39:12 PDT 2017,Fri Oct 06 11:39:12 PDT 2017,2017-10-06 18:39:13 UTC,,,3087,100% (1/1),100% (1/1),100% (1/1),impreciseAdjPracticeListenerFreeProduction,TlessC1,Yes,{},corcle,square,one dot circle,circle,slightly curved line,cylinder,almost empty,triangle,triangle,arrow,box,half circle,cyclinder,long line,arrow,big box,aquare,fat oval,oval,cylinder,flat circle,arrow,arrow,arrow,long line,arrow,big triangle,triangle,big rectangle,oval,swirly,cyclinder,arrow,curved arrow,line,circle dots,bsquare lines,square,curved arrow,box dots,sun,,CABD;BCDA;BCAD;BCDA;DBCA;BCAD;DACB;ABCD,5;3;2;4;7;8;1;6,1,1,1,1,1,1,1,1,yes,2;1;2;2;1;1;2;2;1;2;1;1;1;2;1;1;2;2;2;1;1;2;1;2;1;2;2;2;2;2;1;2;1;2;1;1;2;1;2;1,CBAD;BCDA;ACDB;CDBA;ABDC;DBAC;ABCD;BACD;BCAD;CBAD;CDAB;ACBD;DBAC;ACDB;BDAC;BDAC;CABD;BDCA;ADCB;CDAB;DBAC;CBDA;BACD;DACB;ABCD;BCAD;CBDA;BDAC;ADCB;ABCD;BCDA;DABC;ACDB;BACD;ADBC;ADBC;ABCD;BCDA;BCDA;BCAD,42691;14894;6684;57288;6685;16931;12613;524100;6673;6168;4206;5468;12668;5834;4700;7340;6700;5084;3589;6608;3095;6049;9061;4972;5593;3615;1870;3470;7701;5568;5784;2317;5769;4248;4507;4974;4364;2969;4315;2403,sun,31;19;29;28;5;17;40;36;14;4;8;23;2;9;3;6;35;25;39;20;22;10;13;16;27;21;30;26;15;7;11;18;38;12;1;37;24;34;33;32,0,,
3BFNCI9LYK38KZ81Y8U3PGDJTFE73B,33YD3YS58SIZ71J94O34UJ34SNQCZQ,Describe an image among several other images (about 10 min),Native English speaker required. You need to allow Javascript to work on the HIT. In this task you will be asked to describe an image among several other images . You may take ONLY 1 HIT for this task.,"image, description, game",$2.00 ,Fri Oct 06 09:42:43 PDT 2017,4,BatchId:2962714;OriginalHitTemplateId:920937340;,3600,3600,Fri Oct 13 09:42:43 PDT 2017,,,37Q970SNZFL1GEC7P9JXLYQ29T0S1K,zelsvrkkw8,Approved,Fri Oct 06 10:40:53 PDT 2017,Fri Oct 06 11:12:06 PDT 2017,Fri Oct 06 12:12:06 PDT 2017,2017-10-06 19:12:13 UTC,,,1873,100% (1/1),100% (1/1),100% (1/1),impreciseAdjPracticeListenerFreeProduction,TlessC1,No,{},circle,square,triangle,circle,arrow,cylander,cylander,square,triangle,angled line,full cylander,half triangle,square,medium line,arrow,large square,square,square,rectangle,cylander,cylander,arrow,arrow,arrow,medium line,line,large triangle,square,rectanle,oval,large cylander,ribbon,medium line,arrowless arch,arrow,dotted circle,triangle,square,arrowless arch,spotty square,sun,1,ACBD;DCBA;BADC;DBCA;BCAD;BCDA;BCDA;CADB,5;8;7;2;3;4;1;6,1,1,1,1,1,1,1,1,yes,2;2;2;1;1;2;2;1;1;2;2;1;2;2;2;2;2;1;1;2;1;2;1;2;2;1;2;2;2;2;1;1;1;1;1;1;1;2;1;2,BDCA;ACDB;DBCA;BDAC;ABDC;CADB;ABDC;CDBA;ACDB;CABD;CABD;DCAB;DCAB;ABCD;ADBC;DBCA;ADCB;ACDB;DACB;DBCA;BDAC;ADCB;CDBA;CDBA;CDAB;BDAC;ABCD;BCAD;BCAD;DBCA;CBAD;CADB;BDCA;DBAC;CABD;ABCD;CDAB;CDBA;DACB;BADC,5226;5229;3315;11896;6434;6035;3059;4720;6887;7963;2432;2652;2014;3820;3582;4026;2640;3146;9347;2783;2846;6280;2577;9738;1833;1629;1960;3921;4241;3939;3487;2955;2664;2280;4230;3558;3048;1714;1864;5202,wavyline,38;2;12;4;9;15;16;3;33;19;11;1;34;37;27;23;24;7;39;36;14;18;13;21;22;29;6;35;5;26;10;28;17;25;8;40;32;30;20;31,0,,
3BFNCI9LYK38KZ81Y8U3PGDJTFE73B,33YD3YS58SIZ71J94O34UJ34SNQCZQ,Describe an image among several other images (about 10 min),Native English speaker required. You need to allow Javascript to work on the HIT. In this task you will be asked to describe an image among several other images . You may take ONLY 1 HIT for this task.,"image, description, game",$2.00 ,Fri Oct 06 09:42:43 PDT 2017,4,BatchId:2962714;OriginalHitTemplateId:920937340;,3600,3600,Fri Oct 13 09:42:43 PDT 2017,,,3LO69W1SU4QBGG7KNJ7ZGZGDJN2GLJ,tgrx7cff1v,Approved,Fri Oct 06 09:43:44 PDT 2017,Fri Oct 06 10:24:19 PDT 2017,Fri Oct 06 11:24:19 PDT 2017,2017-10-06 18:25:13 UTC,,,2435,100% (2/2),100% (1/1),100% (1/1),impreciseAdjPracticeListenerFreeProduction,TlessC1,No,{},square with bumps,triangle,triangle,square,arrow,cube,cylinder,square,triangle,arrow,almost full cylinder,semi-circle,cube,longest line,line,large square,triangle,rectangle,oval,larger spiral,spiral,thick line,curved line,line,longest line,line,square,triangle,wide rectangle,rectangle,tall cylinder,spiral-like shape,arrow,curvy line,line,circle with dots,triangle,triangle with bumps,curved arrow,triangle,sun,,CADB;DBAC;DACB;CBDA;DACB;DACB;DACB;DBCA,1;5;4;8;3;2;7;6,1,1,1,1,1,1,1,1,yes,1;1;1;1;1;2;1;2;2;1;2;2;2;1;2;2;2;2;1;2;1;1;1;1;2;2;1;1;1;1;1;1;2;2;1;2;1;2;2;1,BCDA;ADBC;CADB;CADB;ACBD;DABC;DBAC;CDBA;BCDA;DBAC;ACDB;ADCB;DABC;ADCB;DABC;DBAC;DCBA;CABD;CADB;CDAB;ACBD;BCDA;ABCD;DBCA;DCBA;BCDA;DCBA;BCAD;DBCA;ABDC;DBAC;DABC;DBAC;CBDA;BADC;DCBA;CABD;DABC;ABCD;DBAC,12276;10007;21031;6949;27064;7206;14476;32957;14243;5495;6912;5513;14023;8566;5157;9014;7743;7393;8309;5015;4527;5239;3897;5181;5359;7696;6439;7351;6927;4642;11484;6657;14237;6998;10110;4703;4800;4320;10138;9018,sun,20;6;3;11;22;36;35;19;37;26;23;17;7;8;18;12;27;21;34;16;32;31;30;28;9;38;10;25;4;39;5;24;33;15;2;13;14;40;29;1,0,,
3BFNCI9LYK38KZ81Y8U3PGDJTFE73B,33YD3YS58SIZ71J94O34UJ34SNQCZQ,Describe an image among several other images (about 10 min),Native English speaker required. You need to allow Javascript to work on the HIT. In this task you will be asked to describe an image among several other images . You may take ONLY 1 HIT for this task.,"image, description, game",$2.00 ,Fri Oct 06 09:42:43 PDT 2017,4,BatchId:2962714;OriginalHitTemplateId:920937340;,3600,3600,Fri Oct 13 09:42:43 PDT 2017,,,3P529IW9KZY52GBPCZ1HYEG1I98LFX,6xxpzwzple,Approved,Fri Oct 06 10:30:11 PDT 2017,Fri Oct 06 11:09:25 PDT 2017,Fri Oct 06 12:09:25 PDT 2017,2017-10-06 19:10:13 UTC,,,2354,100% (2/2),100% (1/1),100% (1/1),impreciseAdjPracticeListenerFreeProduction,TlessC1,No,{},square with dots,square,circle with one circle,circle,slightly curved line,cylinder,empty square,square,triangle,arrow,box,unfinished triangle,box,arrow,arro,triangle,triangle,rectangle,oval,longer spring,3d circle,medium line,arrow,arrow,medium line,thin line,square,triangle,rectangle,oval,taller cylinder,ribbin like,thick line no arrow,"curved line, no arrow",arrow,square,square,triangle with dots,arrow,triangle,sun,,CABD;BADC;BACD;CADB;DCBA;DCAB;CADB;ADCB,6;3;1;2;8;4;5;7,1,1,1,1,1,1,1,1,yes,1;2;2;1;2;1;1;2;2;2;1;1;1;2;1;2;2;2;2;2;2;2;2;1;2;2;1;2;1;2;1;1;2;2;1;1;1;2;1;2,ACBD;CDAB;BACD;DABC;CBDA;BDCA;CDAB;DBCA;ADCB;DCAB;BDAC;DBCA;CDAB;ADBC;DACB;ACBD;DBAC;ABDC;DCBA;CDAB;BACD;BDAC;DCBA;CBDA;DABC;DCAB;DABC;BADC;BCAD;CADB;BCDA;DBAC;BCAD;ABDC;ABCD;DCAB;ADCB;BDAC;ADCB;ADBC,16118;12215;7316;5772;9632;5808;6329;17022;5202;3323;2830;10951;3517;3906;5675;2768;4386;2346;6410;3603;2920;2023;6559;4618;3811;6129;4000;6712;5893;3382;2270;2024;2387;4558;3474;4803;4530;2250;4500;3462,sun,15;17;31;39;11;29;10;28;14;16;24;27;12;18;37;34;8;23;38;26;36;30;1;3;32;25;5;33;13;19;6;22;21;7;9;4;35;40;2;20,0,,
3UEBBGULPF15YM0QVBOG0HG04GGUF9,33YD3YS58SIZ71J94O34UJ34SNQCZQ,Describe an image among several other images (about 10 min),Native English speaker required. You need to allow Javascript to work on the HIT. In this task you will be asked to describe an image among several other images . You may take ONLY 1 HIT for this task.,"image, description, game",$2.00 ,Fri Oct 06 09:42:43 PDT 2017,4,BatchId:2962714;OriginalHitTemplateId:920937340;,3600,3600,Fri Oct 13 09:42:43 PDT 2017,,,32Z9ZLUT1MXXMX5SKH59TGW8TSKOH7,yqfqbizb2m,Approved,Fri Oct 06 09:43:11 PDT 2017,Fri Oct 06 10:27:18 PDT 2017,Fri Oct 06 11:27:18 PDT 2017,2017-10-06 18:28:13 UTC,,,2647,100% (1/1),100% (1/1),100% (1/1),impreciseAdjPracticeListenerFreeProduction,TlessC2,Yes,{},square,square,circle,most circle,line,most filled,cube,triangle dot,triangle,less bent,cone,part triangle,barely filled,arrow,arrow,square,small triangle,oval,skinny box,cone,small ribbon,arrow,arrow,arrow,line,arrow,square,triangle,box,skinny oval,ribbon,ribbon,line,arrow,arrow,circle,triangle,triangle,arrow,triangle,sun,,BDAC;CBDA;CBDA;CBDA;BACD;BACD;CDBA;BCAD,8;4;7;5;3;2;6;1,1,1,1,1,1,1,1,1,yes,1;2;2;2;1;2;1;2;2;2;1;1;1;1;1;1;2;1;1;1;2;2;1;1;1;1;2;1;2;2;1;2;2;2;1;1;2;2;1;2,ABDC;DCBA;CADB;CBDA;ABCD;BADC;BDCA;BCAD;CDAB;DCBA;BCAD;DACB;BDAC;DACB;ADBC;DCAB;ACDB;BDCA;DBCA;BDCA;BACD;CDBA;BCAD;CDBA;CBDA;ACBD;CABD;BCDA;BCDA;BACD;DABC;ADBC;CDBA;BCAD;DABC;BDCA;BADC;ACBD;DABC;DBAC,14279;9220;10654;5343;3890;20387;7081;4400;4733;7206;6541;2977;9301;4031;10438;5938;7213;5003;3811;2950;5975;3538;3710;5535;11631;3616;2744;6322;4370;3614;6849;3580;3764;7202;4423;4190;5037;4017;3507;5613,sun,40;8;13;23;33;16;38;32;39;9;6;21;2;25;28;7;24;27;5;30;15;31;3;36;19;17;22;26;37;35;20;11;29;14;4;10;18;1;34;12,0,,
3UEBBGULPF15YM0QVBOG0HG04GGUF9,33YD3YS58SIZ71J94O34UJ34SNQCZQ,Describe an image among several other images (about 10 min),Native English speaker required. You need to allow Javascript to work on the HIT. In this task you will be asked to describe an image among several other images . You may take ONLY 1 HIT for this task.,"image, description, game",$2.00 ,Fri Oct 06 09:42:43 PDT 2017,4,BatchId:2962714;OriginalHitTemplateId:920937340;,3600,3600,Fri Oct 13 09:42:43 PDT 2017,,,34FNN24DCNMX0IPZP2DY6ARK2UE5Y6,klbrxalljc,Approved,Fri Oct 06 11:33:37 PDT 2017,Fri Oct 06 11:41:50 PDT 2017,Fri Oct 06 12:41:50 PDT 2017,2017-10-06 19:42:16 UTC,,,493,100% (1/1),100% (1/1),100% (1/1),impreciseAdjPracticeListenerFreeProduction,TlessC2,No,{},square,striped triangle,circle,mostly completed circle,arrow,filled cube,cylinder,square,triangle,arrow,cylinder,semi-circle,mostly empty cylinder,line,arrow,triangle,small triangle,oval,thin rectangle,swirled ribbon,cylinder,arrow,line angle,arrow,line,arrow,triangle,smaller square,rectangle,rectangle,swirling ribbon,ribbon,thin rectangle,arrow,arrow,circle,triangle,triangle,arched arrow,triangle,sun,,BCAD;BCAD;ACBD;CADB;CABD;ABDC;ABDC;DBAC,1;3;8;6;7;5;4;2,1,1,1,1,1,1,1,1,yes,1;1;1;2;1;2;1;2;2;1;1;1;2;1;2;2;2;2;1;1;1;2;2;1;1;1;1;2;2;2;1;2;1;1;1;2;2;2;1;2,DBAC;CABD;CABD;CBDA;DBAC;DACB;DABC;BDAC;ACDB;DABC;CABD;ADBC;BADC;CBAD;ADCB;ACBD;ABCD;CBAD;ACDB;BDAC;DCAB;DABC;ACBD;BCAD;CADB;DABC;ADBC;DCBA;BACD;ABDC;BCDA;ADCB;CADB;ACDB;DACB;DCAB;BCDA;ABCD;ACDB;ADBC,16416;5102;8797;20421;92585;5324;3964;14528;10728;3832;3768;4846;4151;6107;3982;4350;3674;7605;4060;4205;9623;8718;3665;3990;1624;1757;3064;4805;2468;8126;2347;4313;2792;4141;6467;2817;3219;8119;1794;2926,sun,19;8;24;28;26;7;33;38;20;36;35;34;21;14;15;9;17;10;11;5;39;37;29;22;31;13;6;4;18;12;25;27;30;23;2;32;1;3;40;16,0,,
3UEBBGULPF15YM0QVBOG0HG04GGUF9,33YD3YS58SIZ71J94O34UJ34SNQCZQ,Describe an image among several other images (about 10 min),Native English speaker required. You need to allow Javascript to work on the HIT. In this task you will be asked to describe an image among several other images . You may take ONLY 1 HIT for this task.,"image, description, game",$2.00 ,Fri Oct 06 09:42:43 PDT 2017,4,BatchId:2962714;OriginalHitTemplateId:920937340;,3600,3600,Fri Oct 13 09:42:43 PDT 2017,,,36ZN444YTSBXISGCQZNUTSXNT5ZOI0,z029xwmfae,Approved,Fri Oct 06 09:43:13 PDT 2017,Fri Oct 06 10:32:27 PDT 2017,Fri Oct 06 11:32:27 PDT 2017,2017-10-06 18:33:13 UTC,,,2954,100% (1/1),100% (1/1),100% (1/1),impreciseAdjPracticeListenerFreeProduction,TlessC2,Yes,{},lego,fire,bright,closed,ray,pee,cup,cold,almost,bent,almost full,open,empty,line,right,box,box,full,skinny,spinny,dna,bar,mellow,ray,ray,straight,big,cold,box,full,cup,small,solid,hump,ray,filled,prision,lego,wave,filled,hot,1,BCAD;DABC;CBAD;DBCA;CDAB;BCAD;DACB;CADB,6;5;2;7;1;4;3;8,1,1,1,1,1,1,1,1,yes,2;1;1;1;2;1;2;2;1;1;2;2;2;1;2;2;1;1;1;2;1;2;1;2;2;2;1;1;1;2;2;1;2;1;1;1;1;2;1;2,CBAD;BACD;CBAD;BDAC;DBAC;ACDB;CDAB;CDAB;BADC;DBAC;CBDA;ADCB;BDCA;CDAB;CBDA;ADCB;ADBC;CDAB;BDCA;ABCD;BACD;CDBA;DBAC;BDAC;ACBD;ACDB;DBAC;ABCD;ADBC;ACDB;CADB;DACB;CABD;DABC;DCAB;BDAC;ADBC;ADCB;BDAC;CABD,7354;4135;3912;3689;5846;7601;3744;4215;2864;3000;3200;2504;2585;6022;2577;5040;2328;4928;7104;2592;2728;2304;2622;2624;2815;4152;2920;10231;2200;4263;3272;1944;5135;3169;2536;2855;2321;2304;3464;3264,sun,29;15;8;14;24;23;10;20;12;3;11;2;22;27;26;32;36;18;40;35;39;5;4;25;38;21;9;34;16;6;31;33;17;28;13;37;1;30;7;19,0,,
3UEBBGULPF15YM0QVBOG0HG04GGUF9,33YD3YS58SIZ71J94O34UJ34SNQCZQ,Describe an image among several other images (about 10 min),Native English speaker required. You need to allow Javascript to work on the HIT. In this task you will be asked to describe an image among several other images . You may take ONLY 1 HIT for this task.,"image, description, game",$2.00 ,Fri Oct 06 09:42:43 PDT 2017,4,BatchId:2962714;OriginalHitTemplateId:920937340;,3600,3600,Fri Oct 13 09:42:43 PDT 2017,,,3EF8EXOTT288HBTH2FAJTXZFD9EJ1K,byfxyzi7ex,Approved,Fri Oct 06 09:43:12 PDT 2017,Fri Oct 06 09:50:46 PDT 2017,Fri Oct 06 10:50:46 PDT 2017,2017-10-06 17:51:13 UTC,,,454,100% (2/2),100% (1/1),100% (1/1),impreciseAdjPracticeListenerFreeProduction,TlessC2,Yes,{},square,square,triangle,square,arrow,tube,tube,triangle with one circle,circle,straighter line,box,open circle,emptiest glass,arrow,short line,triangle,smaller triangle,oval,oval,tube,small spiral,arrow,arrow,arrow,line,arrow,triangle,triangle,oval,bar,spiral,spiral,arrow,curved line,arrow,square,square with lines,triangle,arrow,square,sun,,DBAC;ACBD;BCAD;BDAC;BACD;DBAC;CDAB;CBAD,7;1;8;2;3;5;6;4,1,1,1,1,1,1,1,1,yes,1;1;2;1;2;1;1;2;1;2;2;2;2;2;2;1;1;1;2;1;2;1;2;1;1;2;2;1;2;2;1;2;1;2;2;2;2;2;2;2,ACDB;DABC;DABC;BDCA;BDAC;BDAC;BCDA;BACD;ADBC;ADBC;BDCA;DBCA;DBAC;CABD;ABCD;CDAB;DCBA;ABDC;BDAC;ACDB;BDAC;CBDA;DCBA;ACBD;ABDC;ABDC;ACDB;BADC;BACD;BCAD;BADC;DBCA;BDAC;ABCD;CADB;BACD;CBDA;CBDA;BACD;BDCA,15637;31967;7616;6584;7360;5374;5447;5633;6220;4939;6464;4927;7375;28968;5840;5448;10888;9791;14560;5168;5559;6313;5832;5839;4696;3296;3879;3729;3184;2961;3462;4128;4448;3150;7809;6032;5690;5294;9536;7168,sun,37;16;17;19;9;40;31;21;27;3;1;29;23;28;36;25;6;2;20;26;38;12;15;33;8;32;5;7;30;39;35;10;14;34;22;11;24;13;18;4,0,,
336OE47KI2X7MNBLQQ8L0R4JDQFWVY,33YD3YS58SIZ71J94O34UJ34SNQCZQ,Describe an image among several other images (about 10 min),Native English speaker required. You need to allow Javascript to work on the HIT. In this task you will be asked to describe an image among several other images . You may take ONLY 1 HIT for this task.,"image, description, game",$2.00 ,Fri Oct 06 09:42:43 PDT 2017,4,BatchId:2962714;OriginalHitTemplateId:920937340;,3600,3600,Fri Oct 13 09:42:43 PDT 2017,,,3FE2ERCCZYLPZE3G3UDE2PYZFK4POP,e12ud0653b,Approved,Fri Oct 06 10:45:43 PDT 2017,Fri Oct 06 11:02:05 PDT 2017,Fri Oct 06 12:02:05 PDT 2017,2017-10-06 19:02:13 UTC,,,982,100% (3/3),100% (1/1),100% (1/1),impreciseAdjPracticeListenerFreeProduction,TlessC2,No,{},circle,square,circle,almost full circle,arrow,almost full cube,cube,square,triangle,arrow,cube,half triangle,almost empty cube,arrow,shorter line,square,smaller triangle,oval,thin rectangle,swirl,little swirl,arrow,bent arrow,thinner line,arrow,arrow,square,smaller square,rectangle,rectangle,cube,smaller cube,arrow,arrow,thiner line,square,triangle,square lego,arrow,dotted square,sun,,CBDA;ABDC;DBAC;CDBA;DBAC;CADB;ABCD;ADBC,7;8;5;3;4;1;2;6,1,1,1,1,1,1,1,1,yes,2;2;2;2;2;2;2;2;1;2;1;1;2;1;2;2;2;2;1;1;2;1;1;1;1;1;1;1;2;1;2;2;2;1;1;2;1;1;2;1,DBAC;CADB;ADBC;BCDA;BDCA;BDCA;DBCA;ADCB;CDBA;BDAC;CDAB;CBDA;CDAB;CADB;ADCB;DCBA;BCAD;ABCD;DACB;BADC;ACBD;ADBC;DBCA;CADB;ADCB;BDAC;ACDB;CBAD;BCAD;DCBA;ACBD;ADBC;BCAD;ABDC;ABCD;DCAB;DCBA;ADCB;CABD;ACDB,24313;6113;10087;9983;5856;3044;7798;3986;2704;3210;9146;29254;5546;3758;2492;3435;3967;87576;3870;4239;3570;2153;8544;2600;1712;2062;3596;2164;5865;1679;2818;2455;2424;1834;2162;2768;4658;1712;8218;5681,sun,27;21;7;9;1;33;14;6;10;8;40;13;26;34;31;2;38;29;22;5;28;39;12;11;18;37;3;17;20;32;35;15;25;4;23;19;30;16;24;36,0,,
336OE47KI2X7MNBLQQ8L0R4JDQFWVY,33YD3YS58SIZ71J94O34UJ34SNQCZQ,Describe an image among several other images (about 10 min),Native English speaker required. You need to allow Javascript to work on the HIT. In this task you will be asked to describe an image among several other images . You may take ONLY 1 HIT for this task.,"image, description, game",$2.00 ,Fri Oct 06 09:42:43 PDT 2017,4,BatchId:2962714;OriginalHitTemplateId:920937340;,3600,3600,Fri Oct 13 09:42:43 PDT 2017,,,3KOPY89HM9F4RE7WPJO2HQECBTSJ3C,lbsj1fwleg,Approved,Fri Oct 06 09:43:13 PDT 2017,Fri Oct 06 10:08:51 PDT 2017,Fri Oct 06 11:08:51 PDT 2017,2017-10-06 18:09:13 UTC,,,1538,100% (1/1),100% (1/1),100% (1/1),impreciseAdjPracticeListenerFreeProduction,TlessC2,Yes,{},lego-esque square,lined triangle,circle,mostly whole circle,line with arrow,cylinder,cube,square,triangle,line with arrow,cube,incomplete circle,cube,line without arrow,line with arrow,triangle,square,oval,more thin line,squiggle,flat oval,line without arrow,line  without arrow,line with arrow,line with arrow,line with arrow,triangle,triangle,rectangle,line,cylinder,squiggle,line with arrow,line with arrow,line with arrow,circle,triangle,square,curved line with arrow,square,sun,,CDBA;BACD;CDBA;DBCA;CDAB;DACB;ADCB;BADC,6;3;1;8;5;4;2;7,1,1,1,1,1,1,1,1,yes,1;1;1;2;1;2;2;2;1;1;1;1;2;2;1;2;2;2;2;2;1;2;2;2;1;1;1;2;1;2;2;2;1;2;1;2;1;2;2;2,CADB;DABC;CADB;BDAC;ABDC;DCAB;DBCA;ABDC;DBCA;DBAC;BADC;BACD;ADBC;ADBC;BDAC;CABD;CBAD;CDBA;DCAB;DBAC;CDAB;DBAC;BCAD;CBDA;DCBA;CBDA;CDAB;CABD;ABDC;ACBD;CDAB;DACB;CDAB;DBCA;DCBA;ADCB;ADBC;ACDB;BCDA;BCDA,6985;5142;8160;11329;12653;4604;4714;4550;2671;5906;2550;4617;3265;2978;7857;4585;3754;6027;5024;2517;3187;2351;3414;4209;21941;3350;5238;5856;4555;4516;2478;2450;3483;2681;3391;2436;3088;4072;2649;4158,sun,20;10;12;1;4;38;30;19;15;7;36;3;22;5;26;14;40;21;37;25;39;34;18;35;31;24;8;2;28;29;33;17;32;11;13;6;9;16;27;23,0,,
336OE47KI2X7MNBLQQ8L0R4JDQFWVY,33YD3YS58SIZ71J94O34UJ34SNQCZQ,Describe an image among several other images (about 10 min),Native English speaker required. You need to allow Javascript to work on the HIT. In this task you will be asked to describe an image among several other images . You may take ONLY 1 HIT for this task.,"image, description, game",$2.00 ,Fri Oct 06 09:42:43 PDT 2017,4,BatchId:2962714;OriginalHitTemplateId:920937340;,3600,3600,Fri Oct 13 09:42:43 PDT 2017,,,3YDGXNSEO070PTUHYTWU25X49IU48Y,i3hvactu71,Approved,Fri Oct 06 09:43:10 PDT 2017,Fri Oct 06 10:23:15 PDT 2017,Fri Oct 06 11:23:15 PDT 2017,2017-10-06 18:24:13 UTC,,,2405,100% (3/3),100% (1/1),100% (1/1),impreciseAdjPracticeListenerFreeProduction,TlessC2,Yes,{},circle,square,circle,square,arrow,almost full cube,cylinder,square,circle,arrow,cylinder,triangle,cube,arrow,short line,square,triangle,full square,oval,cylinder,little ribbon,line,arrow,arrow,arrow,short line,triangle,small square,rectangle,narrowest oval,spiral,short cylinder,line,non arrow arch,thin line non arrow,square,square,triangle,arrow,square,sun,,BADC;BDCA;BDCA;DABC;ADCB;CDAB;BACD;CABD,1;4;3;6;8;7;2;5,1,1,1,1,1,1,1,1,yes,2;2;2;1;2;1;1;2;1;2;1;2;2;1;2;2;1;2;1;2;2;1;1;1;2;2;2;1;1;2;2;1;1;1;1;1;2;1;1;1,BACD;CABD;ACDB;CDAB;CDBA;ADCB;DACB;CDBA;CDBA;DACB;ADBC;BACD;ABCD;BCAD;BDCA;CABD;DBCA;BADC;DCBA;ADBC;ABCD;BDAC;ACDB;BDAC;DCAB;BADC;BDCA;CBAD;ADCB;ABCD;ADCB;DABC;DCAB;DBAC;DCAB;ADBC;CBAD;DACB;DCAB;CDAB,17148;12432;13548;12833;5369;9321;6670;44521;63104;7416;7240;16753;7009;18493;8904;6118;5800;9842;18682;3789;3896;3208;5609;5233;4237;2633;5847;4800;6897;8487;2720;2762;4502;3192;6824;3553;3333;9467;6817;3667,sun,13;3;8;28;21;10;27;4;36;33;2;40;34;17;25;15;26;14;11;1;9;12;20;22;38;31;29;23;35;30;18;5;19;24;7;16;39;6;37;32,0,,
336OE47KI2X7MNBLQQ8L0R4JDQFWVY,33YD3YS58SIZ71J94O34UJ34SNQCZQ,Describe an image among several other images (about 10 min),Native English speaker required. You need to allow Javascript to work on the HIT. In this task you will be asked to describe an image among several other images . You may take ONLY 1 HIT for this task.,"image, description, game",$2.00 ,Fri Oct 06 09:42:43 PDT 2017,4,BatchId:2962714;OriginalHitTemplateId:920937340;,3600,3600,Fri Oct 13 09:42:43 PDT 2017,,,3YGXWBAF71U21WKUF5CZ4RTNZ9FC4C,mdrylsx1sf,Approved,Fri Oct 06 09:43:13 PDT 2017,Fri Oct 06 09:54:13 PDT 2017,Fri Oct 06 10:54:13 PDT 2017,2017-10-06 17:55:13 UTC,,,660,100% (3/3),100% (1/1),100% (1/1),impreciseAdjPracticeListenerFreeProduction,TlessC2,Yes,{},six,square,trangle,closed circle,curve,full box,cylender,dot,circle,arrow,box,open circle,box,line,short line,traingle,pyramid,square,oval,cylender,spiral,arrow,angled line,arrow,line,arrow,square,traingle,oval,rectangle,spiral,short cylender,line,arrow,arrow,square,square,five,arrow,triangle,sun,,DCAB;DBCA;CBAD;CADB;ABCD;DBCA;DABC;CADB,2;1;4;5;3;7;6;8,1,1,1,1,1,1,1,1,yes,2;1;1;2;2;1;1;2;2;2;2;1;1;1;2;1;1;2;2;2;1;1;2;1;2;2;2;1;2;2;1;2;2;2;2;2;2;1;1;2,BDCA;ABDC;ACBD;CBDA;BADC;CBAD;CDBA;DACB;ADBC;DBCA;BCAD;CDBA;CBDA;CBDA;CDBA;ACDB;ABDC;DCAB;BCAD;BCAD;CDAB;CBAD;DABC;BDAC;DACB;ADCB;BADC;BADC;CDAB;ACBD;BCDA;DABC;BDAC;ABCD;DBAC;ACBD;ADBC;BCAD;DBAC;CDAB,21750;7209;13280;22709;6009;4272;18674;6351;7991;3580;2929;2624;4444;11274;3054;17524;6474;20574;4139;6985;11592;4735;2998;17526;3694;2761;8391;4805;10274;3055;4317;3821;3545;7983;6842;11169;16158;13401;3380;2856,sun,9;35;31;8;34;30;14;5;37;23;18;40;11;13;21;3;19;12;33;15;2;27;32;16;25;29;1;28;24;4;20;10;39;7;17;22;36;38;6;26,0,,
3YOAVL4CA0UCM5XBHHR5Q5YOH8N4ZL,33YD3YS58SIZ71J94O34UJ34SNQCZQ,Describe an image among several other images (about 10 min),Native English speaker required. You need to allow Javascript to work on the HIT. In this task you will be asked to describe an image among several other images . You may take ONLY 1 HIT for this task.,"image, description, game",$2.00 ,Fri Oct 06 09:42:43 PDT 2017,4,BatchId:2962714;OriginalHitTemplateId:920937340;,3600,3600,Fri Oct 13 09:42:43 PDT 2017,,,39GHHAVOMG4P9AQ0PXTLRV6IPUSJ43,54u0q088kc,Approved,Fri Oct 06 10:12:36 PDT 2017,Fri Oct 06 11:00:03 PDT 2017,Fri Oct 06 12:00:03 PDT 2017,2017-10-06 19:00:13 UTC,,,2847,100% (3/3),100% (1/1),100% (1/1),impreciseAdjPracticeListenerFreeProduction,TlessC2,Yes,{},square,striped triangle,triangle,circle,line,cylinder,cylinder,triangle with one dot,circle,arrow,cylinder,half circle,empty cylinder,line,arrow,triangle,square,rectangle,oval,cylinder,smaller spiral,line,2 lines,arrow,line,arrow,triangle,smaller square,rectangle,thin oval,spiral,short cylinder,arrow,line arc,thin line,circle,triangle,square,arrow,triangle,sun,,DBCA;CBDA;DACB;BACD;DBCA;ABDC;DBCA;CADB,3;8;1;7;6;5;2;4,1,1,1,1,1,1,1,1,yes,1;1;1;1;1;2;2;2;2;1;2;1;1;2;2;1;1;2;1;1;1;2;2;2;2;2;2;1;1;2;1;2;1;1;1;1;2;1;2;1,DCAB;ACDB;CABD;BDAC;DCAB;CBAD;DBAC;BCAD;DCAB;BACD;BDCA;BADC;CABD;ADCB;ABDC;BCAD;BCDA;CDBA;ADBC;BADC;DACB;ADCB;ADCB;DBAC;ADCB;DBCA;CDAB;CBDA;DBCA;CBAD;DABC;CABD;BDCA;DBCA;ACDB;DBCA;ACDB;CABD;ADBC;BDAC,11536;3508;5678;3618;4310;12624;4688;11252;8132;4674;7179;14675;3350;5518;4356;4067;3695;4092;4868;5362;3657;5324;5965;3555;7295;3770;4046;3689;5123;6689;3736;6764;7208;5175;4265;5124;3230;6497;3118;4190,sun,32;21;7;12;31;10;11;16;3;9;25;29;26;37;40;23;22;35;19;36;27;33;4;30;20;5;15;6;2;1;18;38;34;28;17;13;39;8;24;14,0,,
3YOAVL4CA0UCM5XBHHR5Q5YOH8N4ZL,33YD3YS58SIZ71J94O34UJ34SNQCZQ,Describe an image among several other images (about 10 min),Native English speaker required. You need to allow Javascript to work on the HIT. In this task you will be asked to describe an image among several other images . You may take ONLY 1 HIT for this task.,"image, description, game",$2.00 ,Fri Oct 06 09:42:43 PDT 2017,4,BatchId:2962714;OriginalHitTemplateId:920937340;,3600,3600,Fri Oct 13 09:42:43 PDT 2017,,,3KKG4CDWKJB03YDR3L2821SFTOC49N,26szfwpc69,Approved,Fri Oct 06 09:48:40 PDT 2017,Fri Oct 06 10:36:28 PDT 2017,Fri Oct 06 11:36:28 PDT 2017,2017-10-06 18:37:13 UTC,,,2868,100% (2/2),100% (1/1),100% (1/1),impreciseAdjPracticeListenerFreeProduction,TlessC2,Yes,{},square,striped triangle,circle,square,slight curve line,full cube,cube,square,circle,arrow,full cylinder,triangle,empty cylinder,arrow,small dash,square,square,oval,oval,cylinder,disc,arrow,obtuse angle,arrow,arrow,small dash,triangle,triangle,rectangle,narrow oval,swirl,swirl,straight line,curved non-arrow,arrow,circle,striped square,triangle,bending arrow,triangle,sun,2,DBAC;DCAB;ACBD;CDBA;BACD;CBAD;ABCD;DBAC,1;5;3;4;7;6;8;2,1,1,1,1,3421,1,1,1,yes,1;2;1;1;1;1;1;2;2;1;1;2;1;1;1;2;1;2;1;1;2;1;1;2;1;2;2;2;2;2;2;1;1;2;1;1;2;2;1;2,DCAB;BCAD;CABD;DACB;BACD;DABC;ABCD;CDBA;ADCB;CBAD;BDAC;BDCA;CDAB;ADCB;DABC;ADCB;CDAB;DABC;DBAC;DCBA;ADBC;BDAC;ABDC;BDAC;ABCD;BCDA;BCDA;BCAD;DCAB;BADC;DABC;DBCA;DABC;BACD;ADBC;CBAD;BACD;DCAB;DABC;CBDA,12876;10274;5621;4111;4629;4894;9682;5403;10495;3485;3232;3893;4435;5173;3796;2187;9756;6758;9466;5027;3566;2598;2485;3029;3666;6314;4360;5000;7232;2792;2978;2778;2755;2100;4124;2373;2184;6246;2413;3976,wavyline,14;24;7;40;26;33;22;30;6;16;12;5;29;8;27;9;4;37;13;10;35;15;38;18;31;20;19;17;39;21;32;11;1;23;28;2;25;3;34;36,0,,
3YOAVL4CA0UCM5XBHHR5Q5YOH8N4ZL,33YD3YS58SIZ71J94O34UJ34SNQCZQ,Describe an image among several other images (about 10 min),Native English speaker required. You need to allow Javascript to work on the HIT. In this task you will be asked to describe an image among several other images . You may take ONLY 1 HIT for this task.,"image, description, game",$2.00 ,Fri Oct 06 09:42:43 PDT 2017,4,BatchId:2962714;OriginalHitTemplateId:920937340;,3600,3600,Fri Oct 13 09:42:43 PDT 2017,,,3VSOLARPKCMFL2UN37XPSW09FOG937,5l91a8hy94,Approved,Fri Oct 06 09:43:13 PDT 2017,Fri Oct 06 10:10:49 PDT 2017,Fri Oct 06 11:10:49 PDT 2017,2017-10-06 18:11:13 UTC,,,1656,100% (3/3),100% (1/1),100% (1/1),impreciseAdjPracticeListenerFreeProduction,TlessC2,Yes,{},5 dots,square,triangle,full circle,aarrow,cylinder,square,square,triangle,bent line,square,third circle,cylinder,arrow,small line,triangle,square,rectangle,oval,cylinder,little twist,line,arrow,arrow,line,small line,triangle,triangle,oval,bar,twister,twist,arrow,curved line,thin line,circle,lined square,square,curve,triangle,sun,,CDAB;DCAB;BDCA;BDAC;CADB;CADB;DCBA;BACD,2;4;7;1;3;8;5;6,1,1,1,1,1,1,1,1,yes,1;1;2;1;1;1;2;1;2;2;2;1;2;2;1;2;2;1;2;1;2;1;2;2;2;2;2;1;1;2;1;1;1;2;2;2;2;2;2;1,ACDB;ABCD;DBAC;BDCA;ADBC;CABD;DCBA;BDAC;BCAD;DABC;CADB;CADB;ABCD;DCBA;DABC;CABD;DABC;DACB;CDAB;BACD;DBCA;ADCB;DCAB;BDCA;ABDC;BADC;BCAD;DCAB;BDAC;BDAC;CADB;CBDA;ACBD;DBAC;BACD;DACB;ADCB;DCBA;CDAB;DCAB,13914;8539;3077;5316;4161;3080;3093;3469;4857;2315;2284;2220;2051;2485;2192;2556;2133;1898;2133;4397;4783;2688;3724;1780;2975;7399;2828;4694;2800;2023;3637;6369;2263;5083;2996;2266;2259;2097;3712;6587,sun,4;28;38;1;15;27;16;34;32;23;29;35;3;26;19;36;10;17;24;13;8;21;25;31;33;18;14;12;9;11;37;6;5;7;22;30;20;39;2;40,0,,
3YOAVL4CA0UCM5XBHHR5Q5YOH8N4ZL,33YD3YS58SIZ71J94O34UJ34SNQCZQ,Describe an image among several other images (about 10 min),Native English speaker required. You need to allow Javascript to work on the HIT. In this task you will be asked to describe an image among several other images . You may take ONLY 1 HIT for this task.,"image, description, game",$2.00 ,Fri Oct 06 09:42:43 PDT 2017,4,BatchId:2962714;OriginalHitTemplateId:920937340;,3600,3600,Fri Oct 13 09:42:43 PDT 2017,,,3WR9XG3T64OWPFPYOO4OO519YYO47B,jb6kulnu4a,Approved,Fri Oct 06 09:56:22 PDT 2017,Fri Oct 06 10:01:12 PDT 2017,Fri Oct 06 11:01:12 PDT 2017,2017-10-06 18:01:13 UTC,,,290,100% (3/3),100% (1/1),100% (1/1),impreciseAdjPracticeListenerFreeProduction,TlessC2,No,{},square,square,triangle,circle,curved line,full box,box,triangle with one dot,circle,arrow,cylinder,half triangle,box,arrow,arrow,triangle,square,rectangle,thin rectangle,cylinder,coin,arrow,biggest angle,thin line,arrow,short line,square,triangle,oval,small oval,tornado,short cylinder,arrow,curve without an arrow,thin line,square,triangle,square,arrow,square,sun,,BADC;ADBC;DBCA;BCAD;CBDA;DBCA;DBCA;DBCA,1;4;3;5;2;6;7;8,1,1,1,1,1,1,1,1,yes,1;2;1;1;2;2;2;2;1;2;2;1;1;1;1;1;1;2;1;2;2;2;2;2;2;1;2;2;2;1;2;1;2;2;2;1;2;1;2;1,CABD;BCDA;DABC;ABDC;ACDB;BCDA;CDBA;BCDA;BCAD;DACB;DCBA;ADCB;BCDA;ADBC;CADB;ABCD;CABD;CBDA;BACD;CBAD;DBAC;DABC;ACDB;ADCB;BACD;DACB;DCAB;ACDB;BCDA;DBAC;ACDB;DCBA;ACDB;ACDB;BDAC;CDAB;ADBC;BADC;DACB;DCBA,8591;4897;4439;3952;3840;6960;5241;4481;3951;2968;2568;6087;3695;3392;1817;1808;3824;9464;6928;3600;2256;2128;4871;7760;2847;3656;4416;2376;2096;3072;9688;2087;2289;8583;2136;18617;2696;1551;4161;1951,sun,21;17;7;24;37;25;19;36;8;18;10;32;28;12;33;22;38;16;14;20;34;9;40;3;35;5;13;1;31;30;4;39;15;2;6;26;27;29;23;11,0,,