HITId,HITTypeId,Title,Description,Keywords,Reward,CreationTime,MaxAssignments,RequesterAnnotation,AssignmentDurationInSeconds,AutoApprovalDelayInSeconds,Expiration,NumberOfSimilarHITs,LifetimeInSeconds,AssignmentId,WorkerId,AssignmentStatus,AcceptTime,SubmitTime,AutoApprovalTime,ApprovalTime,RejectionTime,RequesterFeedback,WorkTimeInSeconds,LifetimeApprovalRate,Last30DaysApprovalRate,Last7DaysApprovalRate,Input.experimentName,Input.List,Answer.age,Answer.assess,Answer.comments,Answer.education,Answer.enjoyment,Answer.fairprice,Answer.freeGenCrit,Answer.freeGenCrit1,Answer.freeGenCrit10,Answer.freeGenCrit11,Answer.freeGenCrit12,Answer.freeGenCrit13,Answer.freeGenCrit14,Answer.freeGenCrit15,Answer.freeGenCrit16,Answer.freeGenCrit17,Answer.freeGenCrit18,Answer.freeGenCrit19,Answer.freeGenCrit2,Answer.freeGenCrit20,Answer.freeGenCrit21,Answer.freeGenCrit22,Answer.freeGenCrit23,Answer.freeGenCrit24,Answer.freeGenCrit25,Answer.freeGenCrit26,Answer.freeGenCrit27,Answer.freeGenCrit28,Answer.freeGenCrit29,Answer.freeGenCrit3,Answer.freeGenCrit30,Answer.freeGenCrit31,Answer.freeGenCrit32,Answer.freeGenCrit33,Answer.freeGenCrit34,Answer.freeGenCrit35,Answer.freeGenCrit36,Answer.freeGenCrit37,Answer.freeGenCrit38,Answer.freeGenCrit39,Answer.freeGenCrit4,Answer.freeGenCrit40,Answer.freeGenCrit5,Answer.freeGenCrit6,Answer.freeGenCrit7,Answer.freeGenCrit8,Answer.freeGenCrit9,Answer.freeWordCheck,Answer.gender,Answer.listenerChoice,Answer.listenerSceneConfigs,Answer.listenerTurnOrder,Answer.litChoice1,Answer.litChoice2,Answer.litChoice3,Answer.litChoice4,Answer.litChoice5,Answer.litChoice6,Answer.litChoice7,Answer.litChoice8,Answer.nativeEnglish,Answer.othernativelanguage,Answer.problems,Answer.refTypes,Answer.sceneConfigs,Answer.sceneTime,Answer.shapeCheck,Answer.turnOrder,Answer.wrongShape,Approve,Reject
3S8APUMBJXWQ2NRKVK7LVROCFFFFBN,33YD3YS58SIZ71J94O34UJ34SNQCZQ,Describe an image among several other images (about 10 min),Native English speaker required. You need to allow Javascript to work on the HIT. In this task you will be asked to describe an image among several other images . You may take ONLY 1 HIT for this task.,"image, description, game",$2.00 ,Fri Oct 20 11:43:33 PDT 2017,4,BatchId:2978795;OriginalHitTemplateId:920937340;,3600,3600,Fri Oct 27 11:43:33 PDT 2017,,,30H4UDGLT3V1ZBI4QEY1AL9UM21PMO,kifybolko9,Approved,Fri Oct 20 11:44:04 PDT 2017,Fri Oct 20 12:12:01 PDT 2017,Fri Oct 20 13:12:01 PDT 2017,2017-10-20 20:12:57 UTC,,,1677,100% (1/1),100% (1/1),100% (1/1),impreciseAdjPracticeListenerFreeProduction,TlessC1,45,Yes,It went smooth,3,0,Yes,{},dotted square,square,triangle,circle,arrow,cylinder,cylinder,square,circle,arow,sqaure,arc,cylinder,longer line,line,sqaure,triangle,thicker oval,line,cylinder,swirl,thinker line,arrow,line,arrow,arrow,big triangle,triangle,oval,line,swirl,cylinder,arrow,arc,arrow,dotted circle,triangle,dotted triangle,arrow,triangle,sun,Male,,BCDA;BDAC;ADCB;CABD;CBAD;CBDA;DCAB;CABD,5;1;6;3;4;7;2;8,1,1,1,1,1,1,1,1,yes,{},No,1;1;2;1;1;2;1;2;2;2;2;1;2;2;2;2;1;2;2;1;1;1;1;1;1;1;2;1;1;1;2;2;1;2;2;2;2;1;2;2,ACDB;ACBD;ADBC;DABC;CDAB;DCAB;CABD;DCBA;DCBA;DACB;CABD;ABDC;ADCB;BDAC;BCDA;CDAB;DACB;ABCD;CBDA;DBCA;CBAD;ACDB;ABDC;ACBD;BDCA;ADBC;DCBA;DBAC;BACD;DCAB;DCBA;BDAC;CBAD;ADBC;DBCA;DABC;ABCD;ACBD;CDAB;CDAB,12271;16810;4487;2745;3998;3425;4512;2399;8903;2448;4416;4616;3409;4006;4049;4249;2919;3336;4280;10009;2367;6152;3176;2480;3864;3423;3826;4328;2655;2199;3041;2655;3665;3360;4103;2183;2921;2751;5304;2584,sun,16;7;32;12;2;30;33;22;1;31;29;20;27;24;21;38;39;15;3;25;11;36;6;18;37;14;13;35;10;40;8;34;19;9;5;26;4;23;17;28,0,,
3S8APUMBJXWQ2NRKVK7LVROCFFFFBN,33YD3YS58SIZ71J94O34UJ34SNQCZQ,Describe an image among several other images (about 10 min),Native English speaker required. You need to allow Javascript to work on the HIT. In this task you will be asked to describe an image among several other images . You may take ONLY 1 HIT for this task.,"image, description, game",$2.00 ,Fri Oct 20 11:43:33 PDT 2017,4,BatchId:2978795;OriginalHitTemplateId:920937340;,3600,3600,Fri Oct 27 11:43:33 PDT 2017,,,32N49TQG3HVD2U6BFNHV7M3CE9DVAV,36u1cp1i1b,Approved,Fri Oct 20 11:44:15 PDT 2017,Fri Oct 20 11:50:17 PDT 2017,Fri Oct 20 12:50:17 PDT 2017,2017-10-20 19:50:57 UTC,,,362,100% (3/3),100% (1/1),100% (1/1),impreciseAdjPracticeListenerFreeProduction,TlessC1,27,No,{},3,1,2,{},square with bumps,square,triangle,square,straighter arch,cylinder,cylinder,triangle,more complete circle,bent line,fuller cylinder,partial triangle,cube,longer line,arrow,larger square,triangle,rectangle,oval,cylinder,ribbon,arrow,arrow,line,arrow,line,square,square,wider rectangle,oval,taller cylinder,ribbon,thicker line,arrow,line,square,square,square,arch,triangle,sun,Female,,ACBD;ACBD;BDCA;ABCD;ADCB;BCAD;CABD;BADC,6;5;3;7;1;8;4;2,1,1,1,1,1,1,1,1,yes,{},{},1;2;2;2;2;1;2;1;2;2;2;2;1;2;2;1;1;1;1;2;1;2;1;1;2;2;2;1;2;1;2;1;2;1;1;1;1;2;1;1,DCAB;BADC;BACD;ADBC;ACDB;DBCA;CADB;ACBD;CDAB;ADCB;ADCB;DACB;ACBD;BADC;DBCA;BADC;BCDA;ACBD;DBAC;CDAB;CBAD;ABCD;ACBD;CBAD;CBDA;DABC;ABCD;ACBD;DBAC;ABCD;ADCB;DABC;CDAB;CADB;DABC;CADB;ADCB;BADC;DCBA;ABCD,8537;4407;3970;5076;6012;3706;5378;4823;3456;3605;6299;4307;9499;3267;15412;5181;4426;8079;3424;5670;11465;3804;3648;5026;3341;3065;3180;6099;11455;3661;3663;3800;3696;3796;9588;3916;3408;9418;3321;3293,sun,40;8;4;20;31;6;19;21;10;30;28;14;13;34;36;24;12;18;7;2;23;38;11;39;27;22;16;37;17;32;15;9;3;5;1;25;26;35;33;29,0,,
3S8APUMBJXWQ2NRKVK7LVROCFFFFBN,33YD3YS58SIZ71J94O34UJ34SNQCZQ,Describe an image among several other images (about 10 min),Native English speaker required. You need to allow Javascript to work on the HIT. In this task you will be asked to describe an image among several other images . You may take ONLY 1 HIT for this task.,"image, description, game",$2.00 ,Fri Oct 20 11:43:33 PDT 2017,4,BatchId:2978795;OriginalHitTemplateId:920937340;,3600,3600,Fri Oct 27 11:43:33 PDT 2017,,,3X3OR7WPZ0DWN1124LVBOMZFXNCL8Z,ffmj5vtsvh,Approved,Fri Oct 20 11:49:56 PDT 2017,Fri Oct 20 12:00:43 PDT 2017,Fri Oct 20 13:00:43 PDT 2017,2017-10-20 20:00:57 UTC,,,647,100% (1/1),100% (1/1),100% (1/1),impreciseAdjPracticeListenerFreeProduction,TlessC1,41,Yes,Thanks!,3,1,2 is fine,{},square,square,circle with one dot in middle,circle,arrow,cube,cube with less water,square,circle that almost touches,bent line,cylinder that is almost full,u,cube,arrow,arrow,larger square,square,rectangle,rectangle,cylinder,spiral,thicker simple line,bent line with no arrow,line,longer plain line,line,square,square,thicker rectanlge,standing rectangle,cilinder,cilinder,thicker line,bent line,arrow,square,traingle,square,bent arrow,dotted square,sun,Female,,CBDA;BACD;ADCB;DACB;BDAC;DCBA;DACB;DACB,5;1;7;4;3;6;8;2,1,21,1,21,1,1,1,1,no,Spanish,It seemed like on the practice trials the chosen image was not clicking. It happened a couple times that I was following instructions but I got the prompt that I was wrong.,1;1;1;1;2;2;2;2;1;2;1;1;2;1;1;2;1;1;1;2;2;2;1;2;2;1;2;1;1;1;1;1;2;1;1;2;1;1;1;2,ACBD;BDAC;CBAD;CBAD;DACB;BDCA;ACDB;ADCB;CBDA;CBDA;ABCD;CDAB;BDCA;CBDA;ACDB;ABDC;BDCA;BCDA;DBCA;CABD;ADCB;BACD;BDAC;BDAC;DACB;ADCB;BCDA;CDAB;ACBD;BCDA;BADC;BCDA;ACBD;BADC;CBDA;BACD;DCAB;BCDA;ADBC;ACBD,51892;24613;8122;4399;7513;8558;6779;5598;7144;11058;8072;20788;8371;12714;17669;18380;2923;3559;6395;3736;4895;7013;5713;5496;3944;3210;4290;19090;6081;3552;5056;10387;3739;2911;2506;11890;7527;14490;11496;4968,sun,9;26;10;13;18;23;32;38;39;4;35;15;7;29;40;17;30;12;28;2;20;5;16;25;14;21;6;19;37;33;34;31;1;24;22;11;27;3;36;8,0,,
3S8APUMBJXWQ2NRKVK7LVROCFFFFBN,33YD3YS58SIZ71J94O34UJ34SNQCZQ,Describe an image among several other images (about 10 min),Native English speaker required. You need to allow Javascript to work on the HIT. In this task you will be asked to describe an image among several other images . You may take ONLY 1 HIT for this task.,"image, description, game",$2.00 ,Fri Oct 20 11:43:33 PDT 2017,4,BatchId:2978795;OriginalHitTemplateId:920937340;,3600,3600,Fri Oct 27 11:43:33 PDT 2017,,,3XIQGXAUMDLNNHD88Z6TLGY7TCG7XK,shbfc9a8jp,Approved,Fri Oct 20 11:44:58 PDT 2017,Fri Oct 20 12:21:24 PDT 2017,Fri Oct 20 13:21:24 PDT 2017,2017-10-20 20:21:57 UTC,,,2186,100% (2/2),100% (2/2),100% (1/1),impreciseAdjPracticeListenerFreeProduction,TlessC1,34,No,{},3,1,$2.00 ,{},lego square,square,triangle,broken circle,arrow,cylinder,cylinder,triangle,circle missing smallest piece,arrow,cube,half a triangle,cube,longer plain line,arrow,triangle,triangle,full rectangle,rectangle,cylinder,cylinder,arrow,bent arrow,arrow,arrow,plain line,bigger triangle,square,oval,oval,tornado,cylinder,thicker plain line,curved plain line,arrow,dotted circle,square,lego triangle,curved arrow,triangle,sun,Male,,CBAD;BCDA;BCDA;CDAB;ADBC;DBCA;BCAD;ADCB,3;1;8;5;6;7;4;2,1,1,1,1,1,1,1,1,yes,{},{},1;2;2;1;1;1;1;2;2;2;2;1;2;2;2;1;1;2;2;2;1;2;2;1;2;1;2;2;2;2;2;1;1;1;2;1;2;1;1;2,BCAD;CDBA;CBDA;ADCB;ABCD;ABDC;DBCA;DACB;CADB;CBAD;DCAB;CBDA;DABC;DBCA;BADC;BADC;ACBD;ACDB;ADCB;ABCD;CDAB;CABD;ABCD;ADCB;CBAD;ACBD;ABDC;ABDC;BDCA;DABC;CDBA;BDAC;DBCA;ABDC;DACB;BCAD;BDAC;DCAB;CABD;CDAB,15443;3889;3087;2377;17145;2612;6671;12942;10661;6964;3829;3320;4509;3370;2593;4849;2149;2967;4990;6707;2359;1886;5874;2772;4221;3023;5165;4963;9259;2526;3043;2434;6813;2180;1519;10694;2739;3397;2509;1807,sun,8;23;24;35;27;34;32;5;39;7;1;20;14;22;38;33;36;16;12;40;30;29;2;11;9;37;3;21;25;19;10;15;4;13;18;17;28;26;6;31,0,,
33TGB4G0LPU7YVCMV04S1SU5PRBXTM,33YD3YS58SIZ71J94O34UJ34SNQCZQ,Describe an image among several other images (about 10 min),Native English speaker required. You need to allow Javascript to work on the HIT. In this task you will be asked to describe an image among several other images . You may take ONLY 1 HIT for this task.,"image, description, game",$2.00 ,Fri Oct 20 11:43:33 PDT 2017,4,BatchId:2978795;OriginalHitTemplateId:920937340;,3600,3600,Fri Oct 27 11:43:33 PDT 2017,,,31T4R4OBOTTZKJ2DH3A673DXSUSC7N,sg61npdikd,Approved,Fri Oct 20 11:43:43 PDT 2017,Fri Oct 20 11:49:20 PDT 2017,Fri Oct 20 12:49:20 PDT 2017,2017-10-20 19:49:57 UTC,,,337,100% (2/2),100% (2/2),100% (1/1),impreciseAdjPracticeListenerFreeProduction,TlessC1,24,Yes,{},2,1,could be 3 bucks,{},circle dots,triangle,triangle,square,almost 180,cylinder,cube a little water,square,almost circle,angular line,cube,angular,cube,line,arrow,square big,square,fat eclipse,eclipse,cylinder,cylinder,arrow,angular arrow,line,long line,arrow,square,square,eclipse,eclipse,cylinder tall,cylinder,arrow,curve,arrow,nasty square dots,triangle,triangle dots,curve,triangle,spiky,Male,,CBDA;BADC;BDAC;CDBA;ABCD;DBAC;CBDA;CADB,5;6;1;4;2;3;7;8,1,1,1,1,1,1,1,1,yes,{},no,2;2;2;1;2;2;1;1;2;1;2;2;1;2;1;2;1;1;2;2;1;2;1;2;1;2;2;2;2;1;1;2;2;1;2;1;1;1;2;2,CBAD;ADBC;CDBA;ABDC;CDBA;DBCA;ABCD;DCAB;ABCD;CABD;DBAC;BADC;DBAC;BACD;ACBD;DBAC;BADC;CDBA;ADCB;CABD;ABDC;CBAD;ADBC;ACDB;ADBC;BCDA;BCAD;CBAD;BACD;BACD;DABC;BDCA;BACD;ADBC;DABC;BDCA;CBAD;CABD;DBCA;CADB,29472;5135;9610;6040;4516;4071;3049;5701;3808;4704;4706;5386;4983;4375;4778;4572;3177;3149;3607;5909;4022;3278;14984;7736;3170;6749;6116;10110;3776;8580;9095;4461;4577;4206;6166;5511;10279;8354;3516;3805,sun,31;32;1;24;39;19;29;36;35;23;14;6;12;27;4;38;33;40;22;2;20;26;15;7;21;28;37;18;30;25;13;34;11;8;17;3;5;10;9;16,0,,
33TGB4G0LPU7YVCMV04S1SU5PRBXTM,33YD3YS58SIZ71J94O34UJ34SNQCZQ,Describe an image among several other images (about 10 min),Native English speaker required. You need to allow Javascript to work on the HIT. In this task you will be asked to describe an image among several other images . You may take ONLY 1 HIT for this task.,"image, description, game",$2.00 ,Fri Oct 20 11:43:33 PDT 2017,4,BatchId:2978795;OriginalHitTemplateId:920937340;,3600,3600,Fri Oct 27 11:43:33 PDT 2017,,,323Q6SJS8JT3GKSZLEMJ6MNU3AGFH3,kw2plm2w3t,Approved,Fri Oct 20 11:46:24 PDT 2017,Fri Oct 20 12:23:16 PDT 2017,Fri Oct 20 13:23:16 PDT 2017,2017-10-20 20:23:57 UTC,,,2212,100% (1/1),100% (1/1),100% (1/1),impreciseAdjPracticeListenerFreeProduction,TlessC1,39,Yes,Enjoyed!,1,1,2,{},square with dots,square,circle with 1 dot,circle,flattest line,cylinder,cube with least,square,triangle,line with arrow,full cyclinder,semi circle,cube,long line,line,big square,square,square,cheese,spiral,coin,arrow,angled arrow,line,arrow,arrow,rectangle,square,oval,rectangle,spiral,3d sphere,thick line,line with arrow,line,square,triangle,square,curve with no arrow,triangle,sun,Male,,DCAB;CDAB;DBAC;CDAB;ABDC;ADCB;BDCA;BDAC,1;6;3;4;5;7;2;8,1,1,1,1,1,1,1,1,yes,english,no,1;1;2;2;2;2;2;1;2;2;1;1;1;2;1;2;2;2;1;2;1;1;1;2;2;2;1;2;2;1;2;2;2;1;2;2;2;1;1;1,DABC;ACDB;CDBA;CBDA;BDAC;BACD;CABD;DACB;ABDC;DCBA;CDBA;DBCA;ABCD;CDAB;DCBA;ACDB;DABC;CBDA;CDAB;ACDB;DACB;DABC;DABC;CBAD;BCDA;CBDA;ABCD;BACD;CBAD;CDBA;CADB;BCAD;CDBA;ACDB;BCAD;DABC;CBAD;ABDC;DABC;CADB,14677;37516;44560;10144;6862;6267;6863;15075;6009;6614;8877;5186;4220;5270;3843;4041;14699;7557;8948;10672;65142;23206;5162;8998;12985;4709;8694;5388;10111;5140;6988;8447;15832;9874;13522;4585;59224;16252;6507;9298,sun,28;26;34;37;30;35;36;2;33;17;20;25;27;16;24;10;38;21;19;3;9;7;12;23;4;22;18;14;32;31;29;39;13;8;15;40;1;11;6;5,0,,
33TGB4G0LPU7YVCMV04S1SU5PRBXTM,33YD3YS58SIZ71J94O34UJ34SNQCZQ,Describe an image among several other images (about 10 min),Native English speaker required. You need to allow Javascript to work on the HIT. In this task you will be asked to describe an image among several other images . You may take ONLY 1 HIT for this task.,"image, description, game",$2.00 ,Fri Oct 20 11:43:33 PDT 2017,4,BatchId:2978795;OriginalHitTemplateId:920937340;,3600,3600,Fri Oct 27 11:43:33 PDT 2017,,,36TFCYNS45NKG6JKL8S5CTN17FBXHB,xl5jyw3oqk,Approved,Fri Oct 20 11:43:44 PDT 2017,Fri Oct 20 12:31:42 PDT 2017,Fri Oct 20 13:31:42 PDT 2017,2017-10-20 20:31:57 UTC,,,2878,100% (1/1),100% (1/1),100% (1/1),impreciseAdjPracticeListenerFreeProduction,TlessC1,25,Yes,{},3,1,2,{},circle,square with lines,triangle,circle,slightly curved line,cube,cube,triangle,triangle,arrow,filled up jar,semi circle,cube,larger line,small arrow,larger square,square,thicker oval,large rectangle,cylinder,oval,thicker line,line with an angle,arrow,larger line,arrow,bigger triangle,square,thick square,oval,serpentine confetti,object that look like a drum,arrow,curved line,thiner line,sqaure with dots,triangle with lines,triangle with circles,curved arrow,dotted triangle,surrounded by a dash line,Female,,CADB;ADCB;CABD;CBAD;CDAB;ABCD;BDCA;CADB,8;1;7;4;2;3;6;5,31,1,1,1,1,1,1,1,no,spanish,no,2;1;1;1;2;2;1;2;2;2;2;1;1;1;1;1;2;2;1;2;1;2;1;2;1;1;2;2;1;2;1;2;1;1;1;1;2;1;2;1,ACDB;CADB;CADB;BADC;BACD;ACBD;BDAC;DACB;DBAC;ADBC;BDAC;DCAB;DACB;DCAB;CBDA;BDAC;CDBA;BADC;CADB;CADB;ACDB;BDAC;CBAD;CABD;CDBA;BCAD;ADBC;ABCD;BADC;BACD;BACD;CBDA;ABCD;BCAD;ACDB;DBAC;DCBA;DBAC;DCBA;CDAB,45060;13056;30735;21097;30230;14042;28799;20671;5790;4858;15264;6975;4252;10633;6543;5937;7216;14396;3357;3576;23995;5018;40687;9386;5974;16402;4761;4386;6972;4820;5917;3803;10807;12421;5546;3792;50046;7530;6119;4894,sun,35;18;37;19;38;20;28;13;24;16;5;12;1;31;30;32;4;2;34;15;3;21;10;25;22;26;14;11;33;23;8;36;9;6;29;17;27;7;39;40,1,,
33TGB4G0LPU7YVCMV04S1SU5PRBXTM,33YD3YS58SIZ71J94O34UJ34SNQCZQ,Describe an image among several other images (about 10 min),Native English speaker required. You need to allow Javascript to work on the HIT. In this task you will be asked to describe an image among several other images . You may take ONLY 1 HIT for this task.,"image, description, game",$2.00 ,Fri Oct 20 11:43:33 PDT 2017,4,BatchId:2978795;OriginalHitTemplateId:920937340;,3600,3600,Fri Oct 27 11:43:33 PDT 2017,,,3CTOC39K383MSX8JRVRSU7QSIE17JW,k2korxa9rv,Approved,Fri Oct 20 11:43:43 PDT 2017,Fri Oct 20 11:51:12 PDT 2017,Fri Oct 20 12:51:12 PDT 2017,2017-10-20 19:51:57 UTC,,,449,100% (2/2),100% (2/2),100% (1/1),impreciseAdjPracticeListenerFreeProduction,TlessC1,20,Yes,none,1,0,yes,{},6,triangle,circle with one dot,square,arrow,cube,cube with not much water,triangle,triangle,angle,cylinder with liquid almost full,unfinished triangle,3d cube,longer line,line,bigger square,square,thicker oval,rectangle,cylinder,swiggly,thick line,angle (not arrow),line,long line,thin line,bigger triangle,triangle,oval,rectangle,taller cylinder,cylinder,arrow,curved line (not arrow),arrow,circle dots,square,5 circles in triangle,curved line,triangle dots,sun,Male,,CBAD;CDBA;BDCA;CABD;ABCD;DBAC;BADC;BDAC,7;5;2;6;8;4;1;3,1,1,1,1,1,1,1,1,yes,{},none,2;2;1;1;1;1;1;1;2;1;1;2;2;1;1;1;2;1;1;2;1;1;1;2;1;1;2;1;1;1;1;1;1;2;2;2;1;1;2;2,DABC;ABCD;ABDC;CADB;ADCB;ABDC;BDAC;CDBA;CADB;BACD;ADCB;DCBA;BCDA;ADCB;BDCA;ADBC;DBCA;BDCA;CABD;DCAB;BCDA;CABD;CBAD;ABCD;DCAB;CDAB;ABCD;BACD;ACBD;BACD;BCDA;ACBD;BCAD;ADBC;ACDB;CDAB;BCDA;BCDA;DBAC;DBCA,16087;8447;6073;6424;5944;2504;12912;1849;1814;2896;3273;4064;11792;1832;6616;6655;1769;1678;10009;6368;5160;3849;5830;5312;6049;5983;7338;14134;3673;4848;10320;3904;2121;2777;3295;13880;6728;12864;4471;4994,sun,12;29;17;1;5;30;20;34;35;10;18;9;31;22;26;2;40;13;7;8;25;21;11;32;3;38;23;15;28;4;14;39;27;6;24;36;33;19;37;16,0,,
3Y7LTZE0YTZB33RQWNIN39WIG5GUZ7,33YD3YS58SIZ71J94O34UJ34SNQCZQ,Describe an image among several other images (about 10 min),Native English speaker required. You need to allow Javascript to work on the HIT. In this task you will be asked to describe an image among several other images . You may take ONLY 1 HIT for this task.,"image, description, game",$2.00 ,Fri Oct 20 11:43:33 PDT 2017,4,BatchId:2978795;OriginalHitTemplateId:920937340;,3600,3600,Fri Oct 27 11:43:33 PDT 2017,,,308Q0PEVB9QUB5C6OA4CW22Y0P09IY,v04m62gx9q,Approved,Fri Oct 20 11:43:39 PDT 2017,Fri Oct 20 11:49:59 PDT 2017,Fri Oct 20 12:49:59 PDT 2017,2017-10-20 19:50:57 UTC,,,380,100% (2/2),100% (2/2),100% (1/1),impreciseAdjPracticeListenerFreeProduction,TlessC1,25,Yes,{},2,0,2,{},circle,triagle,triangle,square,arrow,cylinder,empty box,square,triangle,arrow,nearly filled cylinder,near circle,cylinder,arrow,arrow,large square,triangle,large oval,oval,large swirl,swirl,thick line,bent line,line,arrow,line,large triangle,triangle,thick rectangle,oval,tall cylinder,swirl,thick line,curved arrow,arrow,dotted circle,square,square,line,triangle,sun,Male,,BCDA;BCDA;DBAC;BCAD;DABC;DACB;ACBD;DBAC,6;1;4;5;2;7;3;8,1,1,1,1,1,1,1,1,yes,{},{},2;1;1;2;1;1;2;1;2;1;2;2;2;2;1;2;2;2;1;1;2;2;1;1;1;2;1;1;1;1;2;1;1;2;1;1;1;2;1;2,CADB;DABC;DBAC;DCBA;CABD;ABCD;BACD;CBDA;BACD;DBAC;DBAC;DCBA;CABD;ADCB;BADC;CBDA;ADCB;BCAD;CBAD;DCAB;DBAC;CABD;ACDB;BCAD;CBDA;ADBC;BADC;ABDC;DACB;BDCA;CADB;BDAC;DBAC;BDAC;DACB;DABC;ABCD;BACD;ADBC;BDAC,15868;6807;4698;4252;9220;19347;7561;3153;3467;4779;2791;5337;5832;3025;3439;5260;5278;3102;3406;3888;9334;3704;7972;10126;5299;5080;12072;3347;2178;2580;2278;3646;6276;2887;1909;9577;2309;1905;2243;3370,sun,30;28;9;40;20;27;29;31;32;8;18;39;23;10;13;25;34;36;26;12;15;22;5;35;3;14;2;4;16;24;38;7;37;33;21;19;11;6;17;1,0,,
3Y7LTZE0YTZB33RQWNIN39WIG5GUZ7,33YD3YS58SIZ71J94O34UJ34SNQCZQ,Describe an image among several other images (about 10 min),Native English speaker required. You need to allow Javascript to work on the HIT. In this task you will be asked to describe an image among several other images . You may take ONLY 1 HIT for this task.,"image, description, game",$2.00 ,Fri Oct 20 11:43:33 PDT 2017,4,BatchId:2978795;OriginalHitTemplateId:920937340;,3600,3600,Fri Oct 27 11:43:33 PDT 2017,,,3JAOYWH7VJHW16KC9D1POIUQHTU9LC,uu1ihvt7xb,Approved,Fri Oct 20 11:45:12 PDT 2017,Fri Oct 20 11:53:37 PDT 2017,Fri Oct 20 12:53:37 PDT 2017,2017-10-20 19:53:57 UTC,,,505,100% (1/1),100% (1/1),100% (1/1),impreciseAdjPracticeListenerFreeProduction,TlessC1,19,Yes,{},1,1,2$,{},6 dotted circle,square,triangle,mostly completed circle,slight curved line,cylinder,mostly empty box,square,mostly completed circle,straight line,square,unfinished triangle,cylinder,longer line no arrow,arrow right,larger square,triangle,rectangle,oval,cylinder,cylinder,thicker arrow,obtuse line no arrow,line no arrow,arrow right,straight line arrow,large triagnle,triangle,oval,rectangle,string,string,thick line no arrow,curved line no arrow,arrow line,multi-dotted circle,square,5 dotted triangle,curved line no arrow,multi-dotted square,sun,Other,,DBCA;CADB;BDCA;BCAD;BDAC;DBAC;CDBA;DCBA,4;6;7;5;3;8;2;1,1,21,1,1,1,1,1,1,yes,{},no,2;2;1;1;1;1;1;1;1;2;2;1;1;2;1;2;1;2;2;1;1;2;1;1;2;2;2;2;1;1;2;2;1;2;2;2;2;2;1;2,CDBA;BCDA;CABD;DABC;ADCB;CABD;ACDB;BCDA;ACDB;CBAD;BDCA;CDAB;DACB;DBAC;ACBD;CBDA;CADB;CBDA;BDCA;BACD;DCAB;DBCA;BCAD;BDCA;ABDC;BACD;BACD;BDCA;CDAB;BDAC;CDAB;DABC;DACB;ADBC;BACD;BADC;BCAD;DBAC;CDBA;ADBC,16333;25903;11943;16181;14607;6159;17081;15992;6867;8843;7851;4241;4670;5678;10502;2067;4473;5739;4740;10363;3535;2333;5137;7494;3883;8394;4615;8848;5358;9008;4744;8743;5504;3926;6465;9457;9382;8053;2864;8514,sun,13;28;40;16;36;38;7;9;5;1;4;18;8;32;17;35;19;33;6;21;25;26;14;22;34;31;11;29;10;23;30;3;20;24;39;37;12;2;27;15,0,,
3Y7LTZE0YTZB33RQWNIN39WIG5GUZ7,33YD3YS58SIZ71J94O34UJ34SNQCZQ,Describe an image among several other images (about 10 min),Native English speaker required. You need to allow Javascript to work on the HIT. In this task you will be asked to describe an image among several other images . You may take ONLY 1 HIT for this task.,"image, description, game",$2.00 ,Fri Oct 20 11:43:33 PDT 2017,4,BatchId:2978795;OriginalHitTemplateId:920937340;,3600,3600,Fri Oct 27 11:43:33 PDT 2017,,,3PM8NZGV8ZTXTZIN4YFZL7F2Y2CXQC,7aa54nc68z,Approved,Fri Oct 20 12:45:11 PDT 2017,Fri Oct 20 13:12:40 PDT 2017,Fri Oct 20 14:12:40 PDT 2017,Fri Oct 20 13:34:43 PDT 2017,,,1649,100% (8/8),100% (3/3),100% (1/1),impreciseAdjPracticeListenerFreeProduction,TlessC1,29,Yes,{},3,0,3,{},circle,triangle,three sided shape,square,arrow,cube,cylinder,triangle,one with three sides,angle,cube,curved line,cylinder,second longest line,thin line,sqaure,square,square,oval,longest ribbon,oval,thickest line,arrow,arrow,second longest line,arrow,traingle,square,oval,rectangle,spring,cylinder,arrow,curved line,thick line,square,square,dotted triangle,curved line,square with dots,one with several triangles,Female,3,BCAD;ABCD;ACBD;DBAC;BCDA;CADB;DABC;BDCA,6;4;7;1;8;3;5;2,1,1,1,1,1,1,1,1,yes,{},No,2;1;2;1;2;1;1;1;1;1;2;2;2;1;2;1;2;1;2;1;1;1;1;2;2;2;1;2;1;2;1;2;1;1;2;2;2;1;2;1,BCDA;BDCA;CADB;BDCA;CABD;CABD;DBCA;CBDA;BADC;CDBA;BDAC;DBCA;ACBD;BCDA;ABCD;CBAD;BDCA;BACD;DCAB;DCAB;DABC;CDBA;DABC;DBAC;BACD;CBDA;DACB;CBAD;CBDA;ABCD;BCDA;ADBC;BCDA;DBCA;ABCD;CDBA;ABCD;DBAC;BDAC;ADBC,199492;12176;8138;6309;32278;8059;8614;31436;8411;11490;11047;4816;3695;2321;2454;2394;6182;2336;4223;4569;3126;4953;14759;2353;4326;2145;3432;2000;11464;2104;2048;1928;2885;6768;4480;4649;4176;3960;1999;2919,sun,17;8;29;10;22;11;40;19;3;7;9;14;12;32;6;24;27;33;4;36;2;37;31;35;28;30;20;26;21;5;39;13;38;18;23;16;15;25;34;1,1,,
3Y7LTZE0YTZB33RQWNIN39WIG5GUZ7,33YD3YS58SIZ71J94O34UJ34SNQCZQ,Describe an image among several other images (about 10 min),Native English speaker required. You need to allow Javascript to work on the HIT. In this task you will be asked to describe an image among several other images . You may take ONLY 1 HIT for this task.,"image, description, game",$2.00 ,Fri Oct 20 11:43:33 PDT 2017,4,BatchId:2978795;OriginalHitTemplateId:920937340;,3600,3600,Fri Oct 27 11:43:33 PDT 2017,,,3TMFV4NEP9RCYVD18Z2DXXGVVUJ8WI,4e6tt74t10,Approved,Fri Oct 20 12:25:24 PDT 2017,Fri Oct 20 12:38:02 PDT 2017,Fri Oct 20 13:38:02 PDT 2017,Fri Oct 20 13:34:43 PDT 2017,,,758,100% (4/4),100% (3/3),100% (1/1),impreciseAdjPracticeListenerFreeProduction,TlessC1,24,Yes,{},3,1,yes,{},textured lego square,triangle,triangle,circle,arrow,cube,cylinder,triangle,completer circle,arrow,cube,semi-circle,cube,arrow,plain line,triangle,triangle,complete rectangle,oval,largest spiral tornado,spiral ribbon,arrow,angle with no arrow,plain line,arrow,plain line,largest triangle,square,thicker rectangle,rectangle,"tornado, spiral",spiral,arrow,curved arrow,plain line,dotted circle,triangle,textured triangle,curved line without arrow,dotted square,sun,Female,,BCAD;CDAB;BDCA;CBAD;DABC;BCAD;BDCA;BDCA,6;1;4;5;8;2;7;3,1,1,1,1,1,1,1,1,yes,{},none whatsoever,1;1;1;2;1;2;1;1;1;1;2;1;2;1;2;1;1;2;2;2;2;1;2;1;2;2;1;1;2;1;2;1;1;1;1;2;2;2;2;1,CBDA;ABCD;DCAB;CDBA;ABDC;ACBD;DBCA;BADC;DBAC;ADCB;BDCA;ACBD;DCAB;ABCD;CADB;BACD;ADCB;ACDB;CABD;BCDA;CBDA;BCDA;BDAC;CADB;ABCD;CBAD;ABCD;CBDA;CDAB;BACD;DBAC;DABC;CBDA;CADB;ACBD;BCAD;CADB;ADBC;CABD;CABD,15622;6521;5683;7408;2419;2868;4699;3971;6135;5456;5328;6155;7672;4848;8074;4108;5759;3970;3513;5812;8272;3138;2915;5876;2128;3475;3260;2119;1620;5243;4807;2280;2716;1833;2586;2199;2748;2029;1874;3143,sun,10;36;35;25;11;12;18;20;33;28;30;37;3;2;1;9;17;15;19;13;7;22;6;4;38;14;5;31;21;27;8;16;40;39;26;24;32;23;29;34,0,,
3XEDXEGFX310YMGOYF1TRNKYW700KP,33YD3YS58SIZ71J94O34UJ34SNQCZQ,Describe an image among several other images (about 10 min),Native English speaker required. You need to allow Javascript to work on the HIT. In this task you will be asked to describe an image among several other images . You may take ONLY 1 HIT for this task.,"image, description, game",$2.00 ,Fri Oct 20 11:43:33 PDT 2017,4,BatchId:2978795;OriginalHitTemplateId:920937340;,3600,3600,Fri Oct 27 11:43:33 PDT 2017,,,31N2WW6R9S3OMCL06TXH2SMKK5YF3W,uj841qvcua,Approved,Fri Oct 20 11:49:44 PDT 2017,Fri Oct 20 12:01:14 PDT 2017,Fri Oct 20 13:01:14 PDT 2017,2017-10-20 20:01:57 UTC,,,690,100% (2/2),100% (1/1),100% (1/1),impreciseAdjPracticeListenerFreeProduction,TlessC2,33,Yes,{},2,0,yes,{},circle,triangle with lines,triangle,nearly complete circle,straight arrow,cube that's nearly full,cylinder,square,triangle,slightly crooked line,cube,partially completed triangle,cube,arrowhead,shortest line,square,smallest triangle,oval,thinnest rectangle,curly line,cylinder,thinnest line,crooked line without arrowhead,arrowhead,arrow with arrowhead,shortest line,square,triangle,oval,thinnest oval,curly line,shortest cylinder,arrow,curved arrow,thinnest line,circle,triangle,square,bowed line without arrowhead,square,sun,Male,,ADBC;CDBA;CBAD;CABD;CDBA;BACD;DBCA;BDCA,3;2;5;8;4;6;7;1,1,1,1,1,1,1,1,1,yes,{},nope,2;2;1;2;1;2;2;1;1;1;2;1;2;1;2;2;2;1;2;2;2;1;1;1;1;1;1;2;1;2;2;1;2;2;2;1;2;1;2;1,ADBC;CDBA;DCBA;BDAC;BDCA;BDCA;CBDA;BACD;CDBA;CADB;ABCD;BACD;CBAD;CDAB;BDAC;DACB;CBAD;DBAC;CBDA;BACD;CBAD;ACDB;CABD;BCDA;ACBD;CADB;BDAC;BACD;BCAD;ABDC;ABDC;CDAB;CBAD;ABCD;CBDA;DCAB;CBAD;ACBD;DBCA;CDAB,7061;4925;24628;5511;6987;5247;3869;3258;15612;7932;8761;13548;7669;5010;7941;3963;4233;8750;19888;9037;8177;7528;16398;5889;7163;4482;8638;20019;11890;6181;7587;19131;7692;11438;3555;4005;7605;5403;14232;4229,sun,6;15;31;11;13;7;33;16;18;40;4;3;23;25;39;20;19;24;37;26;2;10;22;5;29;35;38;12;9;32;27;34;36;8;1;17;28;30;14;21,0,,
3XEDXEGFX310YMGOYF1TRNKYW700KP,33YD3YS58SIZ71J94O34UJ34SNQCZQ,Describe an image among several other images (about 10 min),Native English speaker required. You need to allow Javascript to work on the HIT. In this task you will be asked to describe an image among several other images . You may take ONLY 1 HIT for this task.,"image, description, game",$2.00 ,Fri Oct 20 11:43:33 PDT 2017,4,BatchId:2978795;OriginalHitTemplateId:920937340;,3600,3600,Fri Oct 27 11:43:33 PDT 2017,,,37WLF8U1WQ3YZH0WQ6MCP8Q92SH6KV,qehse1ck5f,Approved,Fri Oct 20 11:46:49 PDT 2017,Fri Oct 20 12:29:55 PDT 2017,Fri Oct 20 13:29:55 PDT 2017,2017-10-20 20:29:57 UTC,,,2586,100% (1/1),100% (1/1),100% (1/1),impreciseAdjPracticeListenerFreeProduction,TlessC2,34,Yes,{},3,1,3,{},square,triangle with lines,circle,less broken circle,arrow,heavier square,cylinder,square,circle,arrow,cylinder,triangle,lighter cylinder,line,shorter line,square,square,circle,thinner square,cylinder,half spiral,line,bent line,arrow,arrow,arrow,square,triangle,square,thinner square,spiral,spiral,arrow,arrow,arrow,square,square with lines,triangle,frown,square,sun,Male,,ADBC;DCBA;ABCD;CADB;ACBD;ACBD;ABCD;BDCA,5;8;6;3;4;2;1;7,1,1,1,1,1,1,1,1,yes,{},no,1;2;1;2;2;1;1;1;1;1;1;1;2;1;2;2;1;2;1;2;1;1;1;2;1;1;2;1;1;2;2;2;2;2;1;2;2;2;2;2,CDBA;CADB;DBCA;DCBA;BCAD;BCDA;CDAB;DBAC;BCDA;DCAB;BCDA;CBDA;ADBC;DABC;ACBD;ACBD;DABC;DABC;CDAB;BCDA;CDAB;CDBA;BCDA;DCAB;BCDA;BDAC;BADC;ACDB;ACBD;BCAD;DABC;DCBA;DBAC;ABDC;ADCB;DCBA;CABD;ADCB;ACBD;BCDA,20720;7550;7454;9039;3188;5331;2851;17440;17618;13818;2026;2997;2825;3690;3100;3849;6862;5403;16039;5552;2436;1738;1786;2409;4808;14468;2244;8023;1830;2146;2427;2730;2185;1581;2156;7116;1702;2919;2328;6841,sun,27;35;22;15;40;25;34;20;6;3;18;23;19;21;9;37;8;2;12;38;13;30;32;16;28;26;39;36;5;4;7;11;24;31;33;10;1;17;29;14,0,,
3XEDXEGFX310YMGOYF1TRNKYW700KP,33YD3YS58SIZ71J94O34UJ34SNQCZQ,Describe an image among several other images (about 10 min),Native English speaker required. You need to allow Javascript to work on the HIT. In this task you will be asked to describe an image among several other images . You may take ONLY 1 HIT for this task.,"image, description, game",$2.00 ,Fri Oct 20 11:43:33 PDT 2017,4,BatchId:2978795;OriginalHitTemplateId:920937340;,3600,3600,Fri Oct 27 11:43:33 PDT 2017,,,3LJ7UR74RIQLS0HL4VLDK2NZ0WHN4X,l9zxd5yxop,Approved,Fri Oct 20 12:08:14 PDT 2017,Fri Oct 20 12:18:18 PDT 2017,Fri Oct 20 13:18:18 PDT 2017,2017-10-20 20:18:57 UTC,,,604,100% (1/1),100% (1/1),100% (1/1),impreciseAdjPracticeListenerFreeProduction,TlessC2,36,Yes,Thanks for the opportunity and fair pay!,2,1,Would've done for $1.5 - thanks for being generous!,{},square,square,triangle,square,curved line,cube with more filled,cube,square,almost a circle,arrow,cylinder,part of triangle,cylinder with less filling,arrow,small line - not arrow,square,smaller triangle,oval,oval,tornado ribbon,smaller ribbon,arrow,bent arrow,medium thinness bar,line - not arrow,short line,triangle,triangle,oval,rectangle,cylinder,ribbon,bar - not arrow,curved arrow,arrow,square,triangle,triangle,curve - not arrow,triangle,sun,Female,,CDBA;CBDA;CADB;BDAC;BADC;CADB;BACD;DCAB,6;7;3;5;2;1;4;8,1,1,1,1,1,1,1,1,yes,{},No issues,1;2;2;2;2;2;1;1;2;2;2;2;1;1;1;2;1;2;1;1;2;1;1;1;1;2;1;1;2;1;1;1;1;2;2;2;1;2;1;2,CDAB;DABC;CABD;BACD;DCAB;BDCA;ADBC;CBAD;BCAD;BCDA;CBDA;DCAB;DACB;ABDC;BCAD;DABC;DBCA;ADCB;ABCD;BCDA;ADBC;ADCB;BDCA;BDAC;ADCB;DBCA;ADBC;ACBD;BACD;ADBC;BCAD;DACB;ABDC;ABDC;BCDA;BACD;CBDA;DABC;BACD;CBDA,23208;5681;3995;5246;2994;15354;6420;6875;25766;5778;1989;11032;6087;2970;3297;1998;6123;14587;6533;5987;4682;4788;3634;2483;3911;4677;23246;7124;2534;9072;6950;4567;2289;6884;9880;2260;1778;6308;6779;4007,sun,11;18;38;29;35;10;32;24;30;17;21;8;9;23;6;25;12;27;4;3;1;39;26;40;5;15;20;13;33;2;31;19;7;36;22;34;16;14;37;28,0,,
3XEDXEGFX310YMGOYF1TRNKYW700KP,33YD3YS58SIZ71J94O34UJ34SNQCZQ,Describe an image among several other images (about 10 min),Native English speaker required. You need to allow Javascript to work on the HIT. In this task you will be asked to describe an image among several other images . You may take ONLY 1 HIT for this task.,"image, description, game",$2.00 ,Fri Oct 20 11:43:33 PDT 2017,4,BatchId:2978795;OriginalHitTemplateId:920937340;,3600,3600,Fri Oct 27 11:43:33 PDT 2017,,,3SPJ033422G57H4KE4HS7KAPMDEJYD,gwj563c7s6,Approved,Fri Oct 20 12:42:03 PDT 2017,Fri Oct 20 12:46:59 PDT 2017,Fri Oct 20 13:46:59 PDT 2017,Fri Oct 20 13:34:43 PDT 2017,,,296,100% (1/1),100% (1/1),100% (1/1),impreciseAdjPracticeListenerFreeProduction,TlessC2,22,No,N/A,3,1,2,{},circle,square,circle,almost complete circle,arrow,nearly full cube,cylinder,triangle,triangle,arrow,cube,broken up triangle,cube,arrow,small line,square,small triangle,ellipse,oval,cylinder,cylinder,arow,arrow,arrow,arrow,small line,triangle,triangle,square,slim oval,helix spiral,small cylinder,line,curved line,thin line,circle,triangle,triangle,arrow,triangle,sun,Male,,ADCB;BACD;ADCB;BCAD;ACDB;BDAC;ABCD;DBCA,4;5;6;8;7;2;3;1,1,1,1,1,1,1,1,1,yes,{},No,2;2;2;1;1;2;1;2;2;2;1;1;2;1;2;1;2;2;2;2;2;1;1;1;1;2;2;2;2;2;2;1;1;2;1;1;2;1;1;1,CDBA;CDBA;DABC;ADBC;DABC;DABC;BDCA;DCBA;DCBA;ADBC;BADC;DCBA;CBAD;CADB;CBDA;CABD;DACB;CBAD;CDAB;BDCA;ABDC;BDCA;CDAB;CABD;BDCA;CDBA;DABC;DBAC;BCAD;DACB;DACB;DABC;CDBA;CADB;BADC;CDBA;BADC;BACD;ADCB;CDAB,8070;6054;5152;6466;7941;5015;6275;3857;6088;5155;6620;2229;1906;11639;2594;3142;3255;4429;3546;1933;2818;1958;2127;3223;1823;9370;2415;5626;2374;3514;2533;1817;2146;5363;2470;1677;7646;6955;5430;3666,sun,9;20;1;8;36;15;34;26;6;28;32;30;13;25;3;23;27;37;7;5;39;18;11;22;19;12;10;4;35;16;17;21;31;24;33;29;14;2;38;40,0,,
3Y40HMYLL1VMY8RBV5U26OG785IXUD,33YD3YS58SIZ71J94O34UJ34SNQCZQ,Describe an image among several other images (about 10 min),Native English speaker required. You need to allow Javascript to work on the HIT. In this task you will be asked to describe an image among several other images . You may take ONLY 1 HIT for this task.,"image, description, game",$2.00 ,Fri Oct 20 11:43:34 PDT 2017,4,BatchId:2978795;OriginalHitTemplateId:920937340;,3600,3600,Fri Oct 27 11:43:34 PDT 2017,,,3K4J6M3CXF6UKXGGQSI97L02RUQAGM,4ovlikakgl,Approved,Fri Oct 20 11:46:46 PDT 2017,Fri Oct 20 11:55:00 PDT 2017,Fri Oct 20 12:55:00 PDT 2017,2017-10-20 19:55:57 UTC,,,494,100% (1/1),100% (1/1),100% (1/1),impreciseAdjPracticeListenerFreeProduction,TlessC2,48,Yes,{},3,1,2,{},square,square,circle,square,right facing arrow,cylinder,cylinder,triangle with one dot,circle,line with slight slope,cube,partial triangle,cube,right facing arrow,short line without an arrow,triangle,square,square,oval,curley,disc,right facing arrow,line with an arrow,thin line without an arrow,line without an arrow,right facing arrow,triangle,small square,square,thin oval,cylinder,curly,right facing arrow,curved line with an arrow,thin line no arrow,circle,triangle,cube,curved line with an arrow,square,sun,Male,,DABC;CBAD;CBDA;ABDC;DACB;ADBC;CBAD;ACBD,1;3;2;5;6;4;8;7,1,1,1,1,1,1,1,1,yes,{},none,1;2;2;2;1;2;2;2;1;2;1;2;2;2;2;1;1;1;2;2;2;1;2;2;2;2;1;2;2;1;1;2;1;1;1;1;1;2;2;1,CABD;DBCA;DBAC;DCAB;CBAD;ADBC;ABCD;DABC;BADC;BCDA;BACD;DCAB;BACD;ABCD;CABD;ABDC;CBAD;DCBA;DCAB;DACB;DCBA;DACB;DBCA;BCAD;CABD;DBCA;CDBA;ABCD;DBCA;BADC;DBCA;BACD;BCAD;BCDA;BCAD;ACBD;DBAC;CADB;BCAD;BCAD,10172;7427;12349;7725;5524;4459;6298;6068;2240;7840;5280;10112;2224;3536;11473;2433;2783;10288;5552;3841;6095;2448;4432;2352;3504;2496;1840;3424;6623;5984;4336;1952;54000;5968;2000;1936;6000;6064;3904;4848,sun,32;2;19;36;13;15;29;35;12;40;21;28;24;6;16;9;33;18;38;14;27;26;39;20;7;17;11;37;22;31;10;25;34;3;1;5;30;4;23;8,1,,
3Y40HMYLL1VMY8RBV5U26OG785IXUD,33YD3YS58SIZ71J94O34UJ34SNQCZQ,Describe an image among several other images (about 10 min),Native English speaker required. You need to allow Javascript to work on the HIT. In this task you will be asked to describe an image among several other images . You may take ONLY 1 HIT for this task.,"image, description, game",$2.00 ,Fri Oct 20 11:43:34 PDT 2017,4,BatchId:2978795;OriginalHitTemplateId:920937340;,3600,3600,Fri Oct 27 11:43:34 PDT 2017,,,3VHP9MDGROXCZCHJZM8IVVQEQIGFCZ,hudeygu61e,Approved,Fri Oct 20 12:54:07 PDT 2017,Fri Oct 20 13:06:12 PDT 2017,Fri Oct 20 14:06:12 PDT 2017,Fri Oct 20 13:34:43 PDT 2017,,,725,100% (1/1),100% (1/1),100% (1/1),impreciseAdjPracticeListenerFreeProduction,TlessC2,22,Yes,Great study!,2,1,Yes,{},circle,square,circle,square,arrow,almost full cube,cylinder,triangle with one circle in the center,triangle,arrow,cylinder,half a circle,almost empty cylinder,line with an arrow,small arrow,triangle,small triangle,oval,slim rectangle,cylinder,small swirl,line,line without an arrow,arrow,arrow,shortest line,triangle,small square,rectangle,slim oval,swirl,small cylinder,line,arc with no arrow,slimmest line without an arrow,square,triangle,square,arc without an arrow,square,Click on the sun,Male,,CABD;ABCD;ACBD;BACD;ACDB;DCAB;ADCB;CBAD,4;5;8;7;3;1;6;2,1,1,1,1,1,1,1,1,yes,{},No,2;1;1;1;2;2;2;1;1;2;1;2;2;1;2;1;2;2;1;1;2;2;2;1;1;1;2;1;1;2;2;1;1;1;1;1;2;1;1;1,BDAC;DBCA;ADCB;BDCA;BCAD;ADBC;BADC;ADCB;BDCA;DABC;DABC;BADC;BACD;DACB;CBAD;DCBA;BACD;ABCD;ABCD;CADB;DBCA;CBDA;CDAB;BCAD;BDAC;ADCB;BDCA;BADC;CBDA;CADB;BCDA;ABCD;DBCA;DCBA;CDBA;DBAC;DBCA;ACDB;BACD;DBCA,18147;10866;8852;8545;15282;7101;4702;13288;3398;4329;5171;8570;3713;3999;5256;6086;6431;4016;8233;6743;13745;4331;163952;3602;3468;4139;7953;7141;5562;3390;3226;3572;2968;4562;3610;6694;6384;8686;3384;3287,sun,9;3;32;21;16;38;5;40;25;6;36;14;33;15;22;12;4;10;20;28;37;23;29;1;13;35;2;24;26;30;39;18;7;19;17;11;34;8;27;31,0,,
3Y40HMYLL1VMY8RBV5U26OG785IXUD,33YD3YS58SIZ71J94O34UJ34SNQCZQ,Describe an image among several other images (about 10 min),Native English speaker required. You need to allow Javascript to work on the HIT. In this task you will be asked to describe an image among several other images . You may take ONLY 1 HIT for this task.,"image, description, game",$2.00 ,Fri Oct 20 11:43:34 PDT 2017,4,BatchId:2978795;OriginalHitTemplateId:920937340;,3600,3600,Fri Oct 27 11:43:34 PDT 2017,,,3VSOLARPKCMFL2UN37XPSW09H7339S,l6basawlj7,Approved,Fri Oct 20 11:44:47 PDT 2017,Fri Oct 20 11:52:20 PDT 2017,Fri Oct 20 12:52:20 PDT 2017,2017-10-20 19:52:57 UTC,,,453,100% (1/1),100% (1/1),100% (1/1),impreciseAdjPracticeListenerFreeProduction,TlessC2,30,Yes,None,3,1,3,{},Circle,Sqaure,Circle,Sqaure,curved line,Mostly filled cube,cube,triangle with one dot,triangle,almost straight line,cylinder,Semi Triangle,almost empty cylinder,arriw,small line,triangle,triangle,Oval,thin rectangle,Tornado,cylinder,arrow,arrow,thinner line,line not pointing,arrow,triangle,Smaller sqaure,rectangle,thinner oval,cylinder,short cylinder,Arrow,Curved arrow,Arrow,square,striped sqaure,triangle,Curving Arrow,square,Sun,Male,,DACB;ABDC;ADCB;BCDA;CABD;ADCB;ACBD;ADCB,1;2;5;7;3;4;6;8,1,1,1,1,1,1,1,1,yes,{},none,2;2;2;2;2;1;1;2;1;2;1;2;1;1;1;1;2;1;1;1;2;1;2;1;1;1;1;2;2;1;1;2;1;1;1;1;1;1;2;2,BADC;CDBA;DCAB;BCDA;CBAD;ACBD;CADB;ABDC;CBAD;DCBA;ADCB;ACDB;ADCB;ACBD;DCBA;DCAB;CADB;DCBA;BACD;CBDA;DCAB;CDAB;CBAD;ABDC;DBAC;BADC;BCDA;ABCD;DCAB;CDBA;ADBC;BDCA;CBDA;DBCA;ABDC;ABDC;CDAB;CDAB;ACDB;CDBA,9936;6926;6716;3583;4003;6651;10381;6190;6793;5221;5903;10443;4390;8593;5047;7800;7337;4078;6398;12724;28848;4452;2480;4913;5855;9876;3172;4256;4080;5744;11607;4224;4897;5693;3785;4112;3680;8350;4754;6403,sun,27;2;10;25;12;11;16;34;8;1;39;14;17;6;40;4;26;35;13;18;20;24;21;3;36;38;29;32;9;23;5;33;30;37;7;15;19;31;28;22,0,,
3Y40HMYLL1VMY8RBV5U26OG785IXUD,33YD3YS58SIZ71J94O34UJ34SNQCZQ,Describe an image among several other images (about 10 min),Native English speaker required. You need to allow Javascript to work on the HIT. In this task you will be asked to describe an image among several other images . You may take ONLY 1 HIT for this task.,"image, description, game",$2.00 ,Fri Oct 20 11:43:34 PDT 2017,4,BatchId:2978795;OriginalHitTemplateId:920937340;,3600,3600,Fri Oct 27 11:43:34 PDT 2017,,,3Z4GS9HPNWNT827HQM2VRHLJRJ677U,9r2aka6ee2,Approved,Fri Oct 20 12:45:15 PDT 2017,Fri Oct 20 12:56:41 PDT 2017,Fri Oct 20 13:56:41 PDT 2017,Fri Oct 20 13:34:43 PDT 2017,,,686,100% (1/1),100% (1/1),100% (1/1),impreciseAdjPracticeListenerFreeProduction,TlessC2,29,Yes,Very Cool!,3,1,Yes,{},five,linear triangle,circle,square,arrow,cyclinder,box,one dot,circle,"line with ""r"" in its name",box,letter C,box,arrow,shortest dash,arrow,squre,rectangle,oval,tornado,mini torndado,arrow,chair with no arrow,"dashed name with a ""b""",shortest line,shortest line,square,triangle,oval,elongated rectangle,tornado,wavy object,arrow,eyebrow,line with bull's favorite color,square,traingle,square,eyebrow,square,Click the star,Male,,DCAB;ABDC;DACB;BDCA;BDAC;DBCA;ACDB;DCBA,4;6;5;8;1;7;2;3,1,1,1,1,1,1,1,1,yes,{},NO,1;1;1;1;2;2;2;1;1;1;1;2;2;2;1;1;1;1;2;2;2;1;2;2;2;2;1;1;2;1;1;1;2;2;2;2;2;2;2;1,DABC;CBAD;BACD;ABCD;BDAC;DACB;BDAC;ADBC;ABCD;BADC;ADBC;BDCA;CDAB;BCDA;ACDB;CBDA;CBDA;DACB;ACDB;DABC;BACD;DCBA;BDCA;CADB;ACDB;ADCB;CBDA;CDBA;CDAB;BDCA;DABC;BDCA;CBAD;CDBA;DCAB;ADBC;CBAD;ADCB;ACBD;ABCD,19982;13042;17579;109461;11654;31736;42822;4952;5961;2886;3519;7199;5511;7495;5703;6033;24279;2016;13216;7112;2432;7856;11237;10322;10033;4167;4696;3055;2001;3959;3742;13954;3591;5655;2721;103558;5422;3337;3191;2480,sun,27;23;1;22;38;10;30;26;21;29;34;8;32;15;6;16;40;20;36;2;13;37;31;17;9;7;4;14;19;12;25;3;39;28;5;18;33;35;11;24,0,,
37Y5RYYI0PI6JVZ760Z2RNYJN8XSXS,33YD3YS58SIZ71J94O34UJ34SNQCZQ,Describe an image among several other images (about 10 min),Native English speaker required. You need to allow Javascript to work on the HIT. In this task you will be asked to describe an image among several other images . You may take ONLY 1 HIT for this task.,"image, description, game",$2.00 ,Fri Oct 20 11:43:33 PDT 2017,4,BatchId:2978795;OriginalHitTemplateId:920937340;,3600,3600,Fri Oct 27 11:43:33 PDT 2017,,,31HQ4X3T3TNE6LGBIJ1G5DZG9HISL5,lsvo6mth0t,Approved,Fri Oct 20 11:43:40 PDT 2017,Fri Oct 20 12:27:45 PDT 2017,Fri Oct 20 13:27:45 PDT 2017,2017-10-20 20:27:57 UTC,,,2645,100% (1/1),100% (1/1),100% (1/1),impreciseAdjPracticeListenerFreeProduction,TlessC2,28,Yes,Nothing that I can currently think of.,2,1,Yes,{},circle with six dots,triangle with vertical lines,circle with another circle inside it,square,arrow,full cylinder,box with some water,square,circle with a small gap,very slightly curved line that isn't an arrow,full glass of water,half triangle,empty box,simple thinner line,thick line with an arrow,triangle,smaller triangle,rectangle,oval,cylinder,short cylinder,thicker arrow,the line that doesn't have an arrow at the end,thin arrow,long arrow,the thick short line with the arrow at the end,square,smaller square,oval,The thinner oval,ribbon shaped like a tornado,shorter cylinder,thick arrow,curved line with an arrow at the end,thin arrow,dotted circle,triangle with vertical lines,triangle,The arched line with the arrow at the end,square with dots,The Sun,Male,,CBDA;ABCD;CABD;CBAD;BDCA;CBAD;DABC;ABCD,6;8;5;1;4;7;2;3,1,1,1,1,1,1,1,1,yes,n/a,No,2;2;1;2;1;2;1;2;1;1;1;2;2;2;1;2;1;1;1;2;1;2;2;1;2;2;2;2;2;2;2;2;2;1;2;1;2;1;2;2,ACBD;BDAC;BACD;CADB;BDAC;CBDA;BCAD;BADC;BCDA;ABDC;BCAD;BCDA;BCDA;CDAB;ABCD;DABC;CABD;CBAD;DBCA;ACBD;DABC;ACDB;CBDA;ADBC;ADBC;BACD;ADCB;ACBD;DCBA;CDBA;DCAB;ACBD;CDAB;ADCB;BDCA;BCDA;ABCD;BADC;ACDB;DACB,42678;15087;19616;18574;14844;15969;27657;15717;10029;11108;14611;13048;7408;10247;22661;6029;15943;14506;13669;8922;17429;11257;9767;10786;8043;8598;6143;13869;3731;5186;23542;3500;5388;4779;19936;14498;3854;14595;8694;13454,sun,36;8;32;2;19;5;11;22;23;1;39;6;20;12;27;35;37;21;15;29;38;4;9;13;34;7;30;14;31;26;17;33;40;24;3;28;16;18;10;25,0,,
37Y5RYYI0PI6JVZ760Z2RNYJN8XSXS,33YD3YS58SIZ71J94O34UJ34SNQCZQ,Describe an image among several other images (about 10 min),Native English speaker required. You need to allow Javascript to work on the HIT. In this task you will be asked to describe an image among several other images . You may take ONLY 1 HIT for this task.,"image, description, game",$2.00 ,Fri Oct 20 11:43:33 PDT 2017,4,BatchId:2978795;OriginalHitTemplateId:920937340;,3600,3600,Fri Oct 27 11:43:33 PDT 2017,,,33CID571056AM4VWS40FX5R4H1M3LR,1eyr1vmu3c,Approved,Fri Oct 20 12:12:50 PDT 2017,Fri Oct 20 12:23:47 PDT 2017,Fri Oct 20 13:23:47 PDT 2017,2017-10-20 20:23:57 UTC,,,657,100% (1/1),100% (1/1),100% (1/1),impreciseAdjPracticeListenerFreeProduction,TlessC2,51,Yes,it was interesting,3,1,1.5,{},circle with 6 bumps,triangle with stripes,circle,square,curvy line,cylinder,box,square,triangle,arrow,cylinder,partial circle,cylinder with least amount,line,short line,square,square,rectangle,oval,ribbon,circle,straight line,line no arrow,arrow,line,arrow,triangle,triangle,oval,long line,cylinder,ribbon,straight line,curvy line no arrow,thin line,square,triangle,triangle,curve no arrow,triangle,sun,Female,,DABC;BCDA;DACB;BDCA;ACDB;CBAD;BCDA;BCAD,2;5;1;6;3;4;7;8,1,1,1,1,1,1,1,1,yes,{},no,2;1;1;1;2;2;1;1;2;1;1;2;1;2;1;2;2;2;1;1;1;1;1;2;2;2;1;2;1;2;1;2;1;2;2;2;1;2;1;1,BACD;ABCD;ADBC;CDBA;DBAC;CDBA;CBAD;DCBA;CDBA;ADCB;DCAB;CABD;ABCD;CADB;DBAC;CDBA;ADCB;DABC;BADC;CABD;DABC;BDAC;BDAC;ACBD;BADC;BDCA;CADB;DABC;BCDA;CBDA;ACBD;DABC;BDAC;CBDA;BADC;DACB;DBAC;ADBC;DCAB;BDCA,30845;10336;13120;14816;5640;6841;7287;16192;9064;5552;7841;6257;5989;10328;3967;7911;4415;4751;2631;5678;6024;2831;3672;3696;3327;2880;2456;2743;2648;4159;5167;3480;7167;3015;3944;8023;5015;2560;3392;2759,sun,20;15;28;8;30;35;2;1;3;16;29;18;38;36;27;10;6;34;32;40;25;23;21;12;5;11;24;7;31;14;22;37;13;9;26;4;39;17;19;33,0,,
37Y5RYYI0PI6JVZ760Z2RNYJN8XSXS,33YD3YS58SIZ71J94O34UJ34SNQCZQ,Describe an image among several other images (about 10 min),Native English speaker required. You need to allow Javascript to work on the HIT. In this task you will be asked to describe an image among several other images . You may take ONLY 1 HIT for this task.,"image, description, game",$2.00 ,Fri Oct 20 11:43:33 PDT 2017,4,BatchId:2978795;OriginalHitTemplateId:920937340;,3600,3600,Fri Oct 27 11:43:33 PDT 2017,,,3F0BG9B9MQ0CNM3IDVSV4U5GVIA7YQ,sqbgtommd5,Approved,Fri Oct 20 11:44:59 PDT 2017,Fri Oct 20 11:53:02 PDT 2017,Fri Oct 20 12:53:02 PDT 2017,2017-10-20 19:53:57 UTC,,,483,100% (1/1),100% (1/1),100% (1/1),impreciseAdjPracticeListenerFreeProduction,TlessC2,22,Yes,{},3,1,2,{},circle,stripped square,circle,box,arrow,filled cube,cylinder,triangle with one dot,circle,less bent line,cylinder,partial triangle,cube,line,short line,triangle,square,rectangle,thin rectangle,cylinder,cylinder,arrow,arrow,thin line,arrow,short line,triangle,small square,rectangle,rectangle,spiral,short cylinder,line,arrow,arrow,square,triangle,square,curved line,triangle,sun,Male,,BCAD;ACDB;ABDC;ACDB;BCAD;CABD;BCAD;ABCD,8;5;6;1;2;4;3;7,1,1,1,1,1,1,1,1,yes,{},{},2;2;2;2;2;2;2;1;2;2;1;2;2;1;2;1;1;1;1;2;1;1;2;2;2;1;2;2;2;1;2;1;1;1;1;2;2;1;1;2,BACD;DBAC;DABC;BDAC;CDAB;BCDA;DABC;BACD;DCBA;ABDC;DCAB;BDAC;ADCB;ABCD;DCBA;CADB;BCAD;CDAB;ACBD;ADBC;CBAD;BCAD;BCDA;ADCB;CABD;ADCB;ACBD;DBAC;CDAB;ACDB;BACD;DBCA;BACD;BCAD;DABC;ABDC;DABC;ACDB;ABDC;BCDA,20135;6882;9957;8946;5138;8735;5469;5231;5241;8975;26615;4560;4238;7048;7827;3857;5526;5589;11922;4124;7513;11926;4789;9029;7769;4624;9870;9279;6140;5696;7496;6524;6003;3977;8658;6097;10447;4395;6000;5818,sun,35;32;10;30;7;36;25;23;40;2;19;1;13;5;6;29;3;15;16;31;26;28;20;18;38;4;34;8;24;12;14;9;22;21;27;17;33;39;11;37,0,,
37Y5RYYI0PI6JVZ760Z2RNYJN8XSXS,33YD3YS58SIZ71J94O34UJ34SNQCZQ,Describe an image among several other images (about 10 min),Native English speaker required. You need to allow Javascript to work on the HIT. In this task you will be asked to describe an image among several other images . You may take ONLY 1 HIT for this task.,"image, description, game",$2.00 ,Fri Oct 20 11:43:33 PDT 2017,4,BatchId:2978795;OriginalHitTemplateId:920937340;,3600,3600,Fri Oct 27 11:43:33 PDT 2017,,,3UWN2HHPUZI4ULJWUWHVI535ECISN7,n3yb1lkhl9,Approved,Fri Oct 20 11:49:52 PDT 2017,Fri Oct 20 11:55:25 PDT 2017,Fri Oct 20 12:55:25 PDT 2017,2017-10-20 19:55:57 UTC,,,333,100% (2/2),100% (2/2),100% (1/1),impreciseAdjPracticeListenerFreeProduction,TlessC2,28,Yes,{},1,1,2,{},round lego,striped triangle,triangle,barely broken circle,arrow,cylinder,cube,one dot triangle,triangle,arrow,cylinder,broken circle,cube,plain line,arrow,triangle,smaller triangle,oval,narrow rectangle,spiral,small spiral,plain line,bent arrow,arrow,plain line,arrow,square,smaller square,roundest one,solid rectangle,cylinder,ribbon,plain line,plain curve,arrow,circle,striped square,square lego,curved arrow,triangle,sun,Male,,CDBA;ADCB;CDBA;DACB;ABCD;CBDA;CADB;CADB,1;6;5;7;3;4;8;2,1,1,1,1,1,1,1,1,yes,{},no,2;1;2;1;1;1;2;2;2;1;2;1;2;2;1;1;2;2;1;2;1;2;2;1;1;1;1;1;1;2;1;2;2;1;2;2;1;2;1;2,ADCB;DABC;DCBA;BCAD;DBAC;ADBC;BDAC;ABCD;DBCA;BACD;BCAD;BCAD;BACD;DCBA;CADB;CABD;CDBA;ADCB;CADB;CBDA;CBAD;BDAC;DCBA;CADB;CABD;BCAD;BCDA;CADB;ADCB;ABDC;BDAC;DCBA;ABCD;CDBA;DABC;BADC;DBCA;ABDC;CBDA;ACDB,10789;9401;10432;7079;4312;7127;4544;6264;8984;5007;3665;5455;6599;7281;5864;4216;3239;7887;2641;12727;5224;3769;7911;5192;4575;9288;4520;3657;5648;3920;7023;6496;9496;3168;3352;5295;5882;9327;6815;4489,sun,35;33;14;38;13;27;32;7;36;10;22;1;24;8;26;3;18;15;40;12;28;25;17;20;19;21;31;30;34;5;29;9;16;39;11;6;23;4;2;37,0,,