"condition","itemid","Window","Region","freq.eye","prop.eye","freq.click","prop.click"
"contrast",11,"adjective","competitor",23,0.121693121693122,31,0.62
"contrast",11,"adjective","distractor",25,0.132275132275132,4,0.08
"contrast",11,"adjective","contrast",25,0.132275132275132,2,0.04
"contrast",11,"adjective","target",116,0.613756613756614,13,0.26
"contrast",11,"noun","competitor",14,0.333333333333333,2,0.04
"contrast",11,"noun","distractor",0,0,0,0
"contrast",11,"noun","contrast",9,0.214285714285714,2,0.04
"contrast",11,"noun","target",19,0.452380952380952,46,0.92
"contrast",11,"prior","competitor",24,0.131868131868132,11,0.22
"contrast",11,"prior","distractor",39,0.214285714285714,17,0.34
"contrast",11,"prior","contrast",28,0.153846153846154,8,0.16
"contrast",11,"prior","target",91,0.5,14,0.28
"contrast",12,"adjective","competitor",32,0.109965635738832,32,0.64
"contrast",12,"adjective","distractor",20,0.0687285223367698,2,0.04
"contrast",12,"adjective","contrast",62,0.213058419243986,1,0.02
"contrast",12,"adjective","target",177,0.608247422680412,15,0.3
"contrast",12,"noun","competitor",0,0,1,0.02
"contrast",12,"noun","distractor",0,0,0,0
"contrast",12,"noun","contrast",0,0,1,0.02
"contrast",12,"noun","target",0,0,48,0.96
"contrast",12,"prior","competitor",27,0.1,18,0.36
"contrast",12,"prior","distractor",74,0.274074074074074,9,0.18
"contrast",12,"prior","contrast",35,0.12962962962963,12,0.24
"contrast",12,"prior","target",134,0.496296296296296,11,0.22
"contrast",13,"adjective","competitor",98,0.429824561403509,37,0.74
"contrast",13,"adjective","distractor",10,0.043859649122807,4,0.08
"contrast",13,"adjective","contrast",30,0.131578947368421,0,0
"contrast",13,"adjective","target",90,0.394736842105263,9,0.18
"contrast",13,"noun","competitor",4,0.25,34,0.68
"contrast",13,"noun","distractor",0,0,0,0
"contrast",13,"noun","contrast",2,0.125,0,0
"contrast",13,"noun","target",10,0.625,16,0.32
"contrast",13,"prior","competitor",31,0.165775401069519,11,0.22
"contrast",13,"prior","distractor",44,0.235294117647059,20,0.4
"contrast",13,"prior","contrast",99,0.529411764705882,6,0.12
"contrast",13,"prior","target",13,0.0695187165775401,13,0.26
"contrast",14,"adjective","competitor",37,0.165178571428571,26,0.52
"contrast",14,"adjective","distractor",11,0.0491071428571429,0,0
"contrast",14,"adjective","contrast",46,0.205357142857143,0,0
"contrast",14,"adjective","target",130,0.580357142857143,24,0.48
"contrast",14,"noun","competitor",4,0.0975609756097561,6,0.12
"contrast",14,"noun","distractor",1,0.024390243902439,0,0
"contrast",14,"noun","contrast",20,0.48780487804878,0,0
"contrast",14,"noun","target",16,0.390243902439024,44,0.88
"contrast",14,"prior","competitor",58,0.232,13,0.26
"contrast",14,"prior","distractor",0,0,10,0.2
"contrast",14,"prior","contrast",90,0.36,8,0.16
"contrast",14,"prior","target",102,0.408,19,0.38
"contrast",15,"adjective","competitor",64,0.33160621761658,34,0.68
"contrast",15,"adjective","distractor",9,0.0466321243523316,1,0.02
"contrast",15,"adjective","contrast",21,0.10880829015544,2,0.04
"contrast",15,"adjective","target",99,0.512953367875648,13,0.26
"contrast",15,"noun","competitor",0,0,11,0.22
"contrast",15,"noun","distractor",0,0,0,0
"contrast",15,"noun","contrast",0,0,0,0
"contrast",15,"noun","target",0,0,39,0.78
"contrast",15,"prior","competitor",68,0.264591439688716,18,0.36
"contrast",15,"prior","distractor",40,0.155642023346304,6,0.12
"contrast",15,"prior","contrast",25,0.0972762645914397,14,0.28
"contrast",15,"prior","target",124,0.482490272373541,12,0.24
"contrast",16,"adjective","competitor",46,0.212962962962963,31,0.62
"contrast",16,"adjective","distractor",62,0.287037037037037,7,0.14
"contrast",16,"adjective","contrast",45,0.208333333333333,5,0.1
"contrast",16,"adjective","target",63,0.291666666666667,7,0.14
"contrast",16,"noun","competitor",15,0.294117647058824,2,0.04
"contrast",16,"noun","distractor",5,0.0980392156862745,0,0
"contrast",16,"noun","contrast",21,0.411764705882353,3,0.06
"contrast",16,"noun","target",10,0.196078431372549,45,0.9
"contrast",16,"prior","competitor",58,0.2265625,15,0.3
"contrast",16,"prior","distractor",80,0.3125,18,0.36
"contrast",16,"prior","contrast",73,0.28515625,7,0.14
"contrast",16,"prior","target",45,0.17578125,10,0.2
"contrast",17,"adjective","competitor",53,0.200757575757576,31,0.62
"contrast",17,"adjective","distractor",16,0.0606060606060606,1,0.02
"contrast",17,"adjective","contrast",67,0.253787878787879,1,0.02
"contrast",17,"adjective","target",128,0.484848484848485,17,0.34
"contrast",17,"noun","competitor",0,0,3,0.06
"contrast",17,"noun","distractor",0,0,0,0
"contrast",17,"noun","contrast",0,0,0,0
"contrast",17,"noun","target",0,0,47,0.94
"contrast",17,"prior","competitor",25,0.137362637362637,22,0.44
"contrast",17,"prior","distractor",50,0.274725274725275,11,0.22
"contrast",17,"prior","contrast",35,0.192307692307692,8,0.16
"contrast",17,"prior","target",72,0.395604395604396,9,0.18
"contrast",18,"adjective","competitor",138,0.453947368421053,45,0.9
"contrast",18,"adjective","distractor",2,0.00657894736842105,0,0
"contrast",18,"adjective","contrast",79,0.259868421052632,0,0
"contrast",18,"adjective","target",85,0.279605263157895,5,0.1
"contrast",18,"noun","competitor",10,0.526315789473684,42,0.84
"contrast",18,"noun","distractor",0,0,0,0
"contrast",18,"noun","contrast",5,0.263157894736842,0,0
"contrast",18,"noun","target",4,0.210526315789474,8,0.16
"contrast",18,"prior","competitor",48,0.155339805825243,11,0.22
"contrast",18,"prior","distractor",109,0.352750809061489,19,0.38
"contrast",18,"prior","contrast",25,0.0809061488673139,14,0.28
"contrast",18,"prior","target",127,0.411003236245955,6,0.12
"contrast",19,"adjective","competitor",52,0.210526315789474,22,0.44
"contrast",19,"adjective","distractor",23,0.0931174089068826,0,0
"contrast",19,"adjective","contrast",46,0.186234817813765,1,0.02
"contrast",19,"adjective","target",126,0.510121457489879,27,0.54
"contrast",19,"noun","competitor",4,0.142857142857143,1,0.02
"contrast",19,"noun","distractor",0,0,0,0
"contrast",19,"noun","contrast",6,0.214285714285714,1,0.02
"contrast",19,"noun","target",18,0.642857142857143,48,0.96
"contrast",19,"prior","competitor",38,0.153225806451613,19,0.38
"contrast",19,"prior","distractor",65,0.262096774193548,11,0.22
"contrast",19,"prior","contrast",74,0.298387096774194,6,0.12
"contrast",19,"prior","target",71,0.286290322580645,14,0.28
"contrast",20,"adjective","competitor",56,0.243478260869565,36,0.72
"contrast",20,"adjective","distractor",15,0.0652173913043478,0,0
"contrast",20,"adjective","contrast",34,0.147826086956522,0,0
"contrast",20,"adjective","target",125,0.543478260869565,14,0.28
"contrast",20,"noun","competitor",3,0.0909090909090909,8,0.16
"contrast",20,"noun","distractor",3,0.0909090909090909,0,0
"contrast",20,"noun","contrast",9,0.272727272727273,0,0
"contrast",20,"noun","target",18,0.545454545454545,42,0.84
"contrast",20,"prior","competitor",107,0.389090909090909,11,0.22
"contrast",20,"prior","distractor",10,0.0363636363636364,12,0.24
"contrast",20,"prior","contrast",64,0.232727272727273,18,0.36
"contrast",20,"prior","target",94,0.341818181818182,9,0.18
"contrast",21,"adjective","competitor",74,0.312236286919831,28,0.56
"contrast",21,"adjective","distractor",0,0,0,0
"contrast",21,"adjective","contrast",36,0.151898734177215,1,0.02
"contrast",21,"adjective","target",127,0.535864978902954,21,0.42
"contrast",21,"noun","competitor",3,0.0789473684210526,14,0.28
"contrast",21,"noun","distractor",0,0,0,0
"contrast",21,"noun","contrast",0,0,0,0
"contrast",21,"noun","target",35,0.921052631578947,36,0.72
"contrast",21,"prior","competitor",79,0.344978165938865,19,0.38
"contrast",21,"prior","distractor",20,0.0873362445414847,19,0.38
"contrast",21,"prior","contrast",26,0.11353711790393,6,0.12
"contrast",21,"prior","target",104,0.454148471615721,6,0.12
"contrast",22,"adjective","competitor",61,0.204013377926421,11,0.22
"contrast",22,"adjective","distractor",0,0,1,0.02
"contrast",22,"adjective","contrast",81,0.270903010033445,4,0.08
"contrast",22,"adjective","target",157,0.525083612040134,34,0.68
"contrast",22,"noun","competitor",0,0,2,0.04
"contrast",22,"noun","distractor",0,0,0,0
"contrast",22,"noun","contrast",0,0,0,0
"contrast",22,"noun","target",0,0,48,0.96
"contrast",22,"prior","competitor",75,0.412087912087912,12,0.24
"contrast",22,"prior","distractor",26,0.142857142857143,19,0.38
"contrast",22,"prior","contrast",27,0.148351648351648,11,0.22
"contrast",22,"prior","target",54,0.296703296703297,8,0.16
"contrast",23,"adjective","competitor",16,0.137931034482759,11,0.22
"contrast",23,"adjective","distractor",6,0.0517241379310345,1,0.02
"contrast",23,"adjective","contrast",27,0.232758620689655,0,0
"contrast",23,"adjective","target",67,0.577586206896552,38,0.76
"contrast",23,"noun","competitor",6,0.122448979591837,0,0
"contrast",23,"noun","distractor",0,0,0,0
"contrast",23,"noun","contrast",15,0.306122448979592,0,0
"contrast",23,"noun","target",28,0.571428571428571,50,1
"contrast",23,"prior","competitor",25,0.196850393700787,14,0.28
"contrast",23,"prior","distractor",42,0.330708661417323,10,0.2
"contrast",23,"prior","contrast",36,0.283464566929134,14,0.28
"contrast",23,"prior","target",24,0.188976377952756,12,0.24
"contrast",24,"adjective","competitor",79,0.312252964426877,14,0.28
"contrast",24,"adjective","distractor",32,0.126482213438735,8,0.16
"contrast",24,"adjective","contrast",63,0.24901185770751,2,0.04
"contrast",24,"adjective","target",79,0.312252964426877,26,0.52
"contrast",24,"noun","competitor",0,0,1,0.02
"contrast",24,"noun","distractor",0,0,0,0
"contrast",24,"noun","contrast",0,0,0,0
"contrast",24,"noun","target",0,0,49,0.98
"contrast",24,"prior","competitor",93,0.372,15,0.3
"contrast",24,"prior","distractor",48,0.192,9,0.18
"contrast",24,"prior","contrast",19,0.076,15,0.3
"contrast",24,"prior","target",90,0.36,11,0.22
"contrast",25,"adjective","competitor",78,0.333333333333333,30,0.6
"contrast",25,"adjective","distractor",100,0.427350427350427,3,0.06
"contrast",25,"adjective","contrast",34,0.145299145299145,1,0.02
"contrast",25,"adjective","target",22,0.094017094017094,16,0.32
"contrast",25,"noun","competitor",0,0,3,0.06
"contrast",25,"noun","distractor",0,0,0,0
"contrast",25,"noun","contrast",0,0,1,0.02
"contrast",25,"noun","target",0,0,46,0.92
"contrast",25,"prior","competitor",91,0.387234042553191,13,0.26
"contrast",25,"prior","distractor",67,0.285106382978723,9,0.18
"contrast",25,"prior","contrast",56,0.238297872340426,12,0.24
"contrast",25,"prior","target",21,0.0893617021276596,16,0.32
"contrast",26,"adjective","competitor",34,0.124542124542125,13,0.26
"contrast",26,"adjective","distractor",0,0,2,0.04
"contrast",26,"adjective","contrast",33,0.120879120879121,0,0
"contrast",26,"adjective","target",206,0.754578754578755,35,0.7
"contrast",26,"noun","competitor",0,0,0,0
"contrast",26,"noun","distractor",0,0,0,0
"contrast",26,"noun","contrast",6,0.545454545454545,1,0.02
"contrast",26,"noun","target",5,0.454545454545455,49,0.98
"contrast",26,"prior","competitor",68,0.257575757575758,14,0.28
"contrast",26,"prior","distractor",0,0,20,0.4
"contrast",26,"prior","contrast",89,0.337121212121212,7,0.14
"contrast",26,"prior","target",107,0.40530303030303,9,0.18
"contrast",27,"adjective","competitor",92,0.412556053811659,41,0.82
"contrast",27,"adjective","distractor",27,0.121076233183857,2,0.04
"contrast",27,"adjective","contrast",16,0.0717488789237668,0,0
"contrast",27,"adjective","target",88,0.394618834080717,7,0.14
"contrast",27,"noun","competitor",8,0.275862068965517,9,0.18
"contrast",27,"noun","distractor",1,0.0344827586206897,0,0
"contrast",27,"noun","contrast",0,0,0,0
"contrast",27,"noun","target",20,0.689655172413793,41,0.82
"contrast",27,"prior","competitor",43,0.212871287128713,23,0.46
"contrast",27,"prior","distractor",63,0.311881188118812,12,0.24
"contrast",27,"prior","contrast",46,0.227722772277228,3,0.06
"contrast",27,"prior","target",50,0.247524752475248,12,0.24
"contrast",28,"adjective","competitor",69,0.246428571428571,11,0.22
"contrast",28,"adjective","distractor",20,0.0714285714285714,1,0.02
"contrast",28,"adjective","contrast",39,0.139285714285714,0,0
"contrast",28,"adjective","target",152,0.542857142857143,38,0.76
"contrast",28,"noun","competitor",4,0.2,0,0
"contrast",28,"noun","distractor",0,0,0,0
"contrast",28,"noun","contrast",2,0.1,1,0.02
"contrast",28,"noun","target",14,0.7,49,0.98
"contrast",28,"prior","competitor",62,0.261603375527426,7,0.14
"contrast",28,"prior","distractor",33,0.139240506329114,22,0.44
"contrast",28,"prior","contrast",53,0.223628691983122,8,0.16
"contrast",28,"prior","target",89,0.375527426160338,13,0.26
"contrast",29,"adjective","competitor",55,0.283505154639175,23,0.46
"contrast",29,"adjective","distractor",14,0.0721649484536082,3,0.06
"contrast",29,"adjective","contrast",34,0.175257731958763,1,0.02
"contrast",29,"adjective","target",91,0.469072164948454,23,0.46
"contrast",29,"noun","competitor",2,0.0357142857142857,10,0.2
"contrast",29,"noun","distractor",2,0.0357142857142857,0,0
"contrast",29,"noun","contrast",0,0,2,0.04
"contrast",29,"noun","target",52,0.928571428571429,38,0.76
"contrast",29,"prior","competitor",58,0.288557213930348,9,0.18
"contrast",29,"prior","distractor",27,0.134328358208955,22,0.44
"contrast",29,"prior","contrast",45,0.223880597014925,12,0.24
"contrast",29,"prior","target",71,0.353233830845771,7,0.14
"contrast",30,"adjective","competitor",55,0.195035460992908,18,0.36
"contrast",30,"adjective","distractor",0,0,1,0.02
"contrast",30,"adjective","contrast",36,0.127659574468085,1,0.02
"contrast",30,"adjective","target",191,0.677304964539007,30,0.6
"contrast",30,"noun","competitor",0,0,9,0.18
"contrast",30,"noun","distractor",0,0,0,0
"contrast",30,"noun","contrast",0,0,0,0
"contrast",30,"noun","target",0,0,41,0.82
"contrast",30,"prior","competitor",52,0.207171314741036,6,0.12
"contrast",30,"prior","distractor",18,0.0717131474103586,21,0.42
"contrast",30,"prior","contrast",96,0.382470119521912,11,0.22
"contrast",30,"prior","target",85,0.338645418326693,12,0.24
"contrast",31,"adjective","competitor",70,0.311111111111111,30,0.6
"contrast",31,"adjective","distractor",5,0.0222222222222222,3,0.06
"contrast",31,"adjective","contrast",23,0.102222222222222,1,0.02
"contrast",31,"adjective","target",127,0.564444444444444,16,0.32
"contrast",31,"noun","competitor",8,0.235294117647059,19,0.38
"contrast",31,"noun","distractor",0,0,0,0
"contrast",31,"noun","contrast",3,0.0882352941176471,0,0
"contrast",31,"noun","target",23,0.676470588235294,31,0.62
"contrast",31,"prior","competitor",42,0.244186046511628,14,0.28
"contrast",31,"prior","distractor",24,0.13953488372093,24,0.48
"contrast",31,"prior","contrast",53,0.308139534883721,7,0.14
"contrast",31,"prior","target",53,0.308139534883721,5,0.1
"contrast",32,"adjective","competitor",19,0.0595611285266458,2,0.04
"contrast",32,"adjective","distractor",1,0.00313479623824451,0,0
"contrast",32,"adjective","contrast",74,0.231974921630094,2,0.04
"contrast",32,"adjective","target",225,0.705329153605016,46,0.92
"contrast",32,"noun","competitor",0,0,0,0
"contrast",32,"noun","distractor",0,0,0,0
"contrast",32,"noun","contrast",0,0,1,0.02
"contrast",32,"noun","target",0,0,49,0.98
"contrast",32,"prior","competitor",50,0.210084033613445,7,0.14
"contrast",32,"prior","distractor",72,0.302521008403361,25,0.5
"contrast",32,"prior","contrast",57,0.239495798319328,10,0.2
"contrast",32,"prior","target",59,0.247899159663866,8,0.16
"contrast",33,"adjective","competitor",43,0.240223463687151,33,0.66
"contrast",33,"adjective","distractor",22,0.122905027932961,1,0.02
"contrast",33,"adjective","contrast",24,0.134078212290503,2,0.04
"contrast",33,"adjective","target",90,0.502793296089385,14,0.28
"contrast",33,"noun","competitor",4,0.0833333333333333,4,0.08
"contrast",33,"noun","distractor",2,0.0416666666666667,0,0
"contrast",33,"noun","contrast",24,0.5,0,0
"contrast",33,"noun","target",18,0.375,46,0.92
"contrast",33,"prior","competitor",110,0.518867924528302,13,0.26
"contrast",33,"prior","distractor",70,0.330188679245283,11,0.22
"contrast",33,"prior","contrast",16,0.0754716981132075,14,0.28
"contrast",33,"prior","target",16,0.0754716981132075,12,0.24
"contrast",34,"adjective","competitor",135,0.511363636363636,36,0.72
"contrast",34,"adjective","distractor",62,0.234848484848485,3,0.06
"contrast",34,"adjective","contrast",32,0.121212121212121,0,0
"contrast",34,"adjective","target",35,0.132575757575758,11,0.22
"contrast",34,"noun","competitor",0,0,4,0.08
"contrast",34,"noun","distractor",0,0,0,0
"contrast",34,"noun","contrast",0,0,0,0
"contrast",34,"noun","target",0,0,46,0.92
"contrast",34,"prior","competitor",80,0.31496062992126,12,0.24
"contrast",34,"prior","distractor",81,0.318897637795276,11,0.22
"contrast",34,"prior","contrast",27,0.106299212598425,12,0.24
"contrast",34,"prior","target",66,0.259842519685039,15,0.3
"contrast",35,"adjective","competitor",30,0.14018691588785,8,0.16
"contrast",35,"adjective","distractor",7,0.0327102803738318,1,0.02
"contrast",35,"adjective","contrast",69,0.322429906542056,4,0.08
"contrast",35,"adjective","target",108,0.504672897196262,37,0.74
"contrast",35,"noun","competitor",0,0,0,0
"contrast",35,"noun","distractor",0,0,1,0.02
"contrast",35,"noun","contrast",0,0,2,0.04
"contrast",35,"noun","target",0,0,47,0.94
"contrast",35,"prior","competitor",53,0.286486486486487,16,0.32
"contrast",35,"prior","distractor",68,0.367567567567568,8,0.16
"contrast",35,"prior","contrast",36,0.194594594594595,10,0.2
"contrast",35,"prior","target",28,0.151351351351351,16,0.32
"contrast",36,"adjective","competitor",151,0.563432835820896,44,0.88
"contrast",36,"adjective","distractor",11,0.041044776119403,1,0.02
"contrast",36,"adjective","contrast",60,0.223880597014925,0,0
"contrast",36,"adjective","target",46,0.171641791044776,5,0.1
"contrast",36,"noun","competitor",0,0,5,0.1
"contrast",36,"noun","distractor",0,0,0,0
"contrast",36,"noun","contrast",0,0,3,0.06
"contrast",36,"noun","target",0,0,42,0.84
"contrast",36,"prior","competitor",70,0.339805825242718,16,0.32
"contrast",36,"prior","distractor",58,0.281553398058252,7,0.14
"contrast",36,"prior","contrast",54,0.262135922330097,11,0.22
"contrast",36,"prior","target",24,0.116504854368932,16,0.32
"contrast",37,"adjective","competitor",30,0.135746606334842,18,0.36
"contrast",37,"adjective","distractor",25,0.113122171945701,1,0.02
"contrast",37,"adjective","contrast",29,0.131221719457014,1,0.02
"contrast",37,"adjective","target",137,0.619909502262443,30,0.6
"contrast",37,"noun","competitor",0,0,4,0.08
"contrast",37,"noun","distractor",1,0.111111111111111,0,0
"contrast",37,"noun","contrast",2,0.222222222222222,0,0
"contrast",37,"noun","target",6,0.666666666666667,46,0.92
"contrast",37,"prior","competitor",76,0.444444444444444,16,0.32
"contrast",37,"prior","distractor",8,0.0467836257309941,10,0.2
"contrast",37,"prior","contrast",29,0.169590643274854,12,0.24
"contrast",37,"prior","target",58,0.339181286549708,12,0.24
"contrast",38,"adjective","competitor",130,0.448275862068966,19,0.38
"contrast",38,"adjective","distractor",13,0.0448275862068966,1,0.02
"contrast",38,"adjective","contrast",52,0.179310344827586,1,0.02
"contrast",38,"adjective","target",95,0.327586206896552,29,0.58
"contrast",38,"noun","competitor",0,0,4,0.08
"contrast",38,"noun","distractor",0,0,0,0
"contrast",38,"noun","contrast",0,0,0,0
"contrast",38,"noun","target",0,0,46,0.92
"contrast",38,"prior","competitor",93,0.354961832061069,12,0.24
"contrast",38,"prior","distractor",83,0.316793893129771,14,0.28
"contrast",38,"prior","contrast",34,0.129770992366412,10,0.2
"contrast",38,"prior","target",52,0.198473282442748,14,0.28
"contrast",39,"adjective","competitor",49,0.270718232044199,17,0.34
"contrast",39,"adjective","distractor",0,0,1,0.02
"contrast",39,"adjective","contrast",15,0.0828729281767956,1,0.02
"contrast",39,"adjective","target",117,0.646408839779006,31,0.62
"contrast",39,"noun","competitor",14,0.25,10,0.2
"contrast",39,"noun","distractor",6,0.107142857142857,1,0.02
"contrast",39,"noun","contrast",6,0.107142857142857,0,0
"contrast",39,"noun","target",30,0.535714285714286,39,0.78
"contrast",39,"prior","competitor",19,0.124183006535948,7,0.14
"contrast",39,"prior","distractor",27,0.176470588235294,20,0.4
"contrast",39,"prior","contrast",64,0.418300653594771,8,0.16
"contrast",39,"prior","target",43,0.281045751633987,15,0.3
"contrast",40,"adjective","competitor",60,0.217391304347826,15,0.3
"contrast",40,"adjective","distractor",10,0.036231884057971,1,0.02
"contrast",40,"adjective","contrast",15,0.0543478260869565,4,0.08
"contrast",40,"adjective","target",191,0.692028985507246,30,0.6
"contrast",40,"noun","competitor",0,0,8,0.16
"contrast",40,"noun","distractor",0,0,0,0
"contrast",40,"noun","contrast",0,0,0,0
"contrast",40,"noun","target",0,0,42,0.84
"contrast",40,"prior","competitor",52,0.186379928315412,9,0.18
"contrast",40,"prior","distractor",117,0.419354838709677,22,0.44
"contrast",40,"prior","contrast",32,0.114695340501792,11,0.22
"contrast",40,"prior","target",78,0.279569892473118,8,0.16
"nocontrast",11,"adjective","competitor",64,0.32,29,0.58
"nocontrast",11,"adjective","distractor",38,0.19,7,0.14
"nocontrast",11,"adjective","contrast",8,0.04,3,0.06
"nocontrast",11,"adjective","target",90,0.45,11,0.22
"nocontrast",11,"noun","competitor",5,0.108695652173913,3,0.06
"nocontrast",11,"noun","distractor",1,0.0217391304347826,0,0
"nocontrast",11,"noun","contrast",16,0.347826086956522,0,0
"nocontrast",11,"noun","target",24,0.521739130434783,47,0.94
"nocontrast",11,"prior","competitor",32,0.146118721461187,9,0.18
"nocontrast",11,"prior","distractor",26,0.118721461187215,12,0.24
"nocontrast",11,"prior","contrast",81,0.36986301369863,17,0.34
"nocontrast",11,"prior","target",80,0.365296803652968,12,0.24
"nocontrast",12,"adjective","competitor",81,0.313953488372093,33,0.66
"nocontrast",12,"adjective","distractor",21,0.0813953488372093,3,0.06
"nocontrast",12,"adjective","contrast",0,0,1,0.02
"nocontrast",12,"adjective","target",156,0.604651162790698,13,0.26
"nocontrast",12,"noun","competitor",0,0,3,0.06
"nocontrast",12,"noun","distractor",0,0,1,0.02
"nocontrast",12,"noun","contrast",0,0,0,0
"nocontrast",12,"noun","target",0,0,46,0.92
"nocontrast",12,"prior","competitor",73,0.349282296650718,17,0.34
"nocontrast",12,"prior","distractor",44,0.210526315789474,9,0.18
"nocontrast",12,"prior","contrast",16,0.076555023923445,10,0.2
"nocontrast",12,"prior","target",76,0.363636363636364,14,0.28
"nocontrast",13,"adjective","competitor",135,0.478723404255319,43,0.86
"nocontrast",13,"adjective","distractor",3,0.0106382978723404,2,0.04
"nocontrast",13,"adjective","contrast",0,0,0,0
"nocontrast",13,"adjective","target",144,0.51063829787234,5,0.1
"nocontrast",13,"noun","competitor",10,0.476190476190476,40,0.8
"nocontrast",13,"noun","distractor",0,0,0,0
"nocontrast",13,"noun","contrast",0,0,0,0
"nocontrast",13,"noun","target",11,0.523809523809524,10,0.2
"nocontrast",13,"prior","competitor",32,0.155339805825243,6,0.12
"nocontrast",13,"prior","distractor",110,0.533980582524272,18,0.36
"nocontrast",13,"prior","contrast",60,0.29126213592233,16,0.32
"nocontrast",13,"prior","target",4,0.0194174757281553,10,0.2
"nocontrast",14,"adjective","competitor",77,0.353211009174312,36,0.72
"nocontrast",14,"adjective","distractor",12,0.055045871559633,0,0
"nocontrast",14,"adjective","contrast",35,0.160550458715596,0,0
"nocontrast",14,"adjective","target",94,0.431192660550459,14,0.28
"nocontrast",14,"noun","competitor",12,0.307692307692308,7,0.14
"nocontrast",14,"noun","distractor",1,0.0256410256410256,0,0
"nocontrast",14,"noun","contrast",0,0,0,0
"nocontrast",14,"noun","target",26,0.666666666666667,43,0.86
"nocontrast",14,"prior","competitor",76,0.306451612903226,17,0.34
"nocontrast",14,"prior","distractor",25,0.100806451612903,6,0.12
"nocontrast",14,"prior","contrast",121,0.487903225806452,12,0.24
"nocontrast",14,"prior","target",26,0.104838709677419,15,0.3
"nocontrast",15,"adjective","competitor",68,0.333333333333333,41,0.82
"nocontrast",15,"adjective","distractor",0,0,0,0
"nocontrast",15,"adjective","contrast",0,0,0,0
"nocontrast",15,"adjective","target",136,0.666666666666667,9,0.18
"nocontrast",15,"noun","competitor",0,0,12,0.24
"nocontrast",15,"noun","distractor",0,0,0,0
"nocontrast",15,"noun","contrast",0,0,0,0
"nocontrast",15,"noun","target",0,0,38,0.76
"nocontrast",15,"prior","competitor",109,0.392086330935252,13,0.26
"nocontrast",15,"prior","distractor",11,0.039568345323741,4,0.08
"nocontrast",15,"prior","contrast",26,0.0935251798561151,11,0.22
"nocontrast",15,"prior","target",132,0.474820143884892,22,0.44
"nocontrast",16,"adjective","competitor",59,0.324175824175824,42,0.84
"nocontrast",16,"adjective","distractor",24,0.131868131868132,3,0.06
"nocontrast",16,"adjective","contrast",39,0.214285714285714,0,0
"nocontrast",16,"adjective","target",60,0.32967032967033,5,0.1
"nocontrast",16,"noun","competitor",5,0.116279069767442,3,0.06
"nocontrast",16,"noun","distractor",0,0,1,0.02
"nocontrast",16,"noun","contrast",5,0.116279069767442,0,0
"nocontrast",16,"noun","target",33,0.767441860465116,46,0.92
"nocontrast",16,"prior","competitor",67,0.313084112149533,17,0.34
"nocontrast",16,"prior","distractor",61,0.285046728971963,13,0.26
"nocontrast",16,"prior","contrast",43,0.200934579439252,18,0.36
"nocontrast",16,"prior","target",43,0.200934579439252,2,0.04
"nocontrast",17,"adjective","competitor",48,0.157894736842105,36,0.72
"nocontrast",17,"adjective","distractor",42,0.138157894736842,2,0.04
"nocontrast",17,"adjective","contrast",32,0.105263157894737,3,0.06
"nocontrast",17,"adjective","target",182,0.598684210526316,9,0.18
"nocontrast",17,"noun","competitor",0,0,4,0.08
"nocontrast",17,"noun","distractor",0,0,0,0
"nocontrast",17,"noun","contrast",0,0,0,0
"nocontrast",17,"noun","target",0,0,46,0.92
"nocontrast",17,"prior","competitor",63,0.273913043478261,11,0.22
"nocontrast",17,"prior","distractor",36,0.156521739130435,12,0.24
"nocontrast",17,"prior","contrast",64,0.278260869565217,12,0.24
"nocontrast",17,"prior","target",67,0.291304347826087,15,0.3
"nocontrast",18,"adjective","competitor",98,0.422413793103448,44,0.88
"nocontrast",18,"adjective","distractor",20,0.0862068965517241,2,0.04
"nocontrast",18,"adjective","contrast",16,0.0689655172413793,2,0.04
"nocontrast",18,"adjective","target",98,0.422413793103448,2,0.04
"nocontrast",18,"noun","competitor",6,0.333333333333333,44,0.88
"nocontrast",18,"noun","distractor",0,0,0,0
"nocontrast",18,"noun","contrast",0,0,0,0
"nocontrast",18,"noun","target",12,0.666666666666667,6,0.12
"nocontrast",18,"prior","competitor",45,0.279503105590062,10,0.2
"nocontrast",18,"prior","distractor",42,0.260869565217391,10,0.2
"nocontrast",18,"prior","contrast",30,0.186335403726708,22,0.44
"nocontrast",18,"prior","target",44,0.273291925465839,8,0.16
"nocontrast",19,"adjective","competitor",67,0.25968992248062,20,0.4
"nocontrast",19,"adjective","distractor",51,0.197674418604651,1,0.02
"nocontrast",19,"adjective","contrast",21,0.0813953488372093,1,0.02
"nocontrast",19,"adjective","target",119,0.461240310077519,28,0.56
"nocontrast",19,"noun","competitor",3,0.111111111111111,1,0.02
"nocontrast",19,"noun","distractor",0,0,0,0
"nocontrast",19,"noun","contrast",3,0.111111111111111,0,0
"nocontrast",19,"noun","target",21,0.777777777777778,49,0.98
"nocontrast",19,"prior","competitor",91,0.323843416370107,13,0.26
"nocontrast",19,"prior","distractor",89,0.316725978647687,15,0.3
"nocontrast",19,"prior","contrast",77,0.274021352313167,6,0.12
"nocontrast",19,"prior","target",24,0.0854092526690391,16,0.32
"nocontrast",20,"adjective","competitor",58,0.297435897435897,44,0.88
"nocontrast",20,"adjective","distractor",6,0.0307692307692308,1,0.02
"nocontrast",20,"adjective","contrast",25,0.128205128205128,0,0
"nocontrast",20,"adjective","target",106,0.543589743589744,5,0.1
"nocontrast",20,"noun","competitor",3,0.1,16,0.32
"nocontrast",20,"noun","distractor",0,0,0,0
"nocontrast",20,"noun","contrast",3,0.1,0,0
"nocontrast",20,"noun","target",24,0.8,34,0.68
"nocontrast",20,"prior","competitor",72,0.363636363636364,16,0.32
"nocontrast",20,"prior","distractor",39,0.196969696969697,10,0.2
"nocontrast",20,"prior","contrast",5,0.0252525252525253,10,0.2
"nocontrast",20,"prior","target",82,0.414141414141414,14,0.28
"nocontrast",21,"adjective","competitor",64,0.248062015503876,32,0.64
"nocontrast",21,"adjective","distractor",17,0.0658914728682171,0,0
"nocontrast",21,"adjective","contrast",11,0.0426356589147287,1,0.02
"nocontrast",21,"adjective","target",166,0.643410852713178,17,0.34
"nocontrast",21,"noun","competitor",12,0.285714285714286,25,0.5
"nocontrast",21,"noun","distractor",0,0,0,0
"nocontrast",21,"noun","contrast",2,0.0476190476190476,0,0
"nocontrast",21,"noun","target",28,0.666666666666667,25,0.5
"nocontrast",21,"prior","competitor",43,0.169291338582677,11,0.22
"nocontrast",21,"prior","distractor",34,0.133858267716535,24,0.48
"nocontrast",21,"prior","contrast",98,0.385826771653543,11,0.22
"nocontrast",21,"prior","target",79,0.311023622047244,4,0.08
"nocontrast",22,"adjective","competitor",67,0.244525547445255,17,0.34
"nocontrast",22,"adjective","distractor",18,0.0656934306569343,0,0
"nocontrast",22,"adjective","contrast",11,0.0401459854014599,5,0.1
"nocontrast",22,"adjective","target",178,0.64963503649635,28,0.56
"nocontrast",22,"noun","competitor",0,0,11,0.22
"nocontrast",22,"noun","distractor",0,0,0,0
"nocontrast",22,"noun","contrast",0,0,0,0
"nocontrast",22,"noun","target",0,0,39,0.78
"nocontrast",22,"prior","competitor",96,0.45933014354067,5,0.1
"nocontrast",22,"prior","distractor",34,0.162679425837321,18,0.36
"nocontrast",22,"prior","contrast",54,0.258373205741627,22,0.44
"nocontrast",22,"prior","target",25,0.119617224880383,5,0.1
"nocontrast",23,"adjective","competitor",64,0.30188679245283,11,0.22
"nocontrast",23,"adjective","distractor",3,0.0141509433962264,5,0.1
"nocontrast",23,"adjective","contrast",8,0.0377358490566038,0,0
"nocontrast",23,"adjective","target",137,0.64622641509434,34,0.68
"nocontrast",23,"noun","competitor",12,0.218181818181818,0,0
"nocontrast",23,"noun","distractor",0,0,0,0
"nocontrast",23,"noun","contrast",0,0,0,0
"nocontrast",23,"noun","target",43,0.781818181818182,50,1
"nocontrast",23,"prior","competitor",63,0.28,16,0.32
"nocontrast",23,"prior","distractor",38,0.168888888888889,10,0.2
"nocontrast",23,"prior","contrast",59,0.262222222222222,9,0.18
"nocontrast",23,"prior","target",65,0.288888888888889,15,0.3
"nocontrast",24,"adjective","competitor",88,0.411214953271028,19,0.38
"nocontrast",24,"adjective","distractor",14,0.0654205607476635,9,0.18
"nocontrast",24,"adjective","contrast",18,0.0841121495327103,8,0.16
"nocontrast",24,"adjective","target",94,0.439252336448598,14,0.28
"nocontrast",24,"noun","competitor",0,0,0,0
"nocontrast",24,"noun","distractor",0,0,0,0
"nocontrast",24,"noun","contrast",0,0,0,0
"nocontrast",24,"noun","target",0,0,50,1
"nocontrast",24,"prior","competitor",57,0.293814432989691,12,0.24
"nocontrast",24,"prior","distractor",15,0.077319587628866,6,0.12
"nocontrast",24,"prior","contrast",54,0.278350515463918,13,0.26
"nocontrast",24,"prior","target",68,0.350515463917526,19,0.38
"nocontrast",25,"adjective","competitor",112,0.459016393442623,28,0.56
"nocontrast",25,"adjective","distractor",41,0.168032786885246,15,0.3
"nocontrast",25,"adjective","contrast",26,0.10655737704918,3,0.06
"nocontrast",25,"adjective","target",65,0.266393442622951,4,0.08
"nocontrast",25,"noun","competitor",0,0,2,0.04
"nocontrast",25,"noun","distractor",0,0,0,0
"nocontrast",25,"noun","contrast",0,0,0,0
"nocontrast",25,"noun","target",0,0,48,0.96
"nocontrast",25,"prior","competitor",39,0.2,16,0.32
"nocontrast",25,"prior","distractor",83,0.425641025641026,10,0.2
"nocontrast",25,"prior","contrast",42,0.215384615384615,10,0.2
"nocontrast",25,"prior","target",31,0.158974358974359,14,0.28
"nocontrast",26,"adjective","competitor",43,0.186147186147186,17,0.34
"nocontrast",26,"adjective","distractor",0,0,1,0.02
"nocontrast",26,"adjective","contrast",5,0.0216450216450216,1,0.02
"nocontrast",26,"adjective","target",183,0.792207792207792,31,0.62
"nocontrast",26,"noun","competitor",1,0.111111111111111,0,0
"nocontrast",26,"noun","distractor",0,0,0,0
"nocontrast",26,"noun","contrast",1,0.111111111111111,0,0
"nocontrast",26,"noun","target",7,0.777777777777778,50,1
"nocontrast",26,"prior","competitor",34,0.173469387755102,8,0.16
"nocontrast",26,"prior","distractor",17,0.086734693877551,13,0.26
"nocontrast",26,"prior","contrast",22,0.112244897959184,17,0.34
"nocontrast",26,"prior","target",123,0.627551020408163,12,0.24
"nocontrast",27,"adjective","competitor",182,0.676579925650558,44,0.88
"nocontrast",27,"adjective","distractor",3,0.0111524163568773,0,0
"nocontrast",27,"adjective","contrast",29,0.107806691449814,1,0.02
"nocontrast",27,"adjective","target",55,0.204460966542751,5,0.1
"nocontrast",27,"noun","competitor",9,0.3,10,0.2
"nocontrast",27,"noun","distractor",3,0.1,0,0
"nocontrast",27,"noun","contrast",3,0.1,0,0
"nocontrast",27,"noun","target",15,0.5,40,0.8
"nocontrast",27,"prior","competitor",124,0.410596026490066,21,0.42
"nocontrast",27,"prior","distractor",74,0.245033112582781,10,0.2
"nocontrast",27,"prior","contrast",61,0.201986754966887,9,0.18
"nocontrast",27,"prior","target",43,0.142384105960265,10,0.2
"nocontrast",28,"adjective","competitor",92,0.334545454545455,14,0.28
"nocontrast",28,"adjective","distractor",1,0.00363636363636364,2,0.04
"nocontrast",28,"adjective","contrast",29,0.105454545454545,4,0.08
"nocontrast",28,"adjective","target",153,0.556363636363636,30,0.6
"nocontrast",28,"noun","competitor",2,0.117647058823529,1,0.02
"nocontrast",28,"noun","distractor",0,0,0,0
"nocontrast",28,"noun","contrast",1,0.0588235294117647,1,0.02
"nocontrast",28,"noun","target",14,0.823529411764706,48,0.96
"nocontrast",28,"prior","competitor",84,0.383561643835616,9,0.18
"nocontrast",28,"prior","distractor",50,0.228310502283105,17,0.34
"nocontrast",28,"prior","contrast",51,0.232876712328767,20,0.4
"nocontrast",28,"prior","target",34,0.155251141552511,4,0.08
"nocontrast",29,"adjective","competitor",70,0.330188679245283,31,0.62
"nocontrast",29,"adjective","distractor",0,0,1,0.02
"nocontrast",29,"adjective","contrast",4,0.0188679245283019,3,0.06
"nocontrast",29,"adjective","target",138,0.650943396226415,15,0.3
"nocontrast",29,"noun","competitor",0,0,23,0.46
"nocontrast",29,"noun","distractor",0,0,0,0
"nocontrast",29,"noun","contrast",0,0,0,0
"nocontrast",29,"noun","target",66,1,27,0.54
"nocontrast",29,"prior","competitor",97,0.361940298507463,10,0.2
"nocontrast",29,"prior","distractor",62,0.23134328358209,16,0.32
"nocontrast",29,"prior","contrast",82,0.305970149253731,10,0.2
"nocontrast",29,"prior","target",27,0.100746268656716,14,0.28
"nocontrast",30,"adjective","competitor",139,0.52059925093633,33,0.66
"nocontrast",30,"adjective","distractor",24,0.0898876404494382,2,0.04
"nocontrast",30,"adjective","contrast",1,0.00374531835205993,2,0.04
"nocontrast",30,"adjective","target",103,0.385767790262172,13,0.26
"nocontrast",30,"noun","competitor",0,0,26,0.52
"nocontrast",30,"noun","distractor",0,0,0,0
"nocontrast",30,"noun","contrast",0,0,0,0
"nocontrast",30,"noun","target",0,0,24,0.48
"nocontrast",30,"prior","competitor",65,0.311004784688995,11,0.22
"nocontrast",30,"prior","distractor",45,0.215311004784689,16,0.32
"nocontrast",30,"prior","contrast",63,0.301435406698565,14,0.28
"nocontrast",30,"prior","target",36,0.172248803827751,9,0.18
"nocontrast",31,"adjective","competitor",129,0.533057851239669,40,0.8
"nocontrast",31,"adjective","distractor",2,0.00826446280991736,1,0.02
"nocontrast",31,"adjective","contrast",0,0,0,0
"nocontrast",31,"adjective","target",111,0.458677685950413,9,0.18
"nocontrast",31,"noun","competitor",21,0.583333333333333,29,0.58
"nocontrast",31,"noun","distractor",0,0,1,0.02
"nocontrast",31,"noun","contrast",0,0,0,0
"nocontrast",31,"noun","target",15,0.416666666666667,20,0.4
"nocontrast",31,"prior","competitor",77,0.282051282051282,7,0.14
"nocontrast",31,"prior","distractor",75,0.274725274725275,19,0.38
"nocontrast",31,"prior","contrast",65,0.238095238095238,16,0.32
"nocontrast",31,"prior","target",56,0.205128205128205,8,0.16
"nocontrast",32,"adjective","competitor",84,0.270096463022508,5,0.1
"nocontrast",32,"adjective","distractor",15,0.0482315112540193,3,0.06
"nocontrast",32,"adjective","contrast",21,0.067524115755627,2,0.04
"nocontrast",32,"adjective","target",191,0.614147909967846,40,0.8
"nocontrast",32,"noun","competitor",0,0,1,0.02
"nocontrast",32,"noun","distractor",0,0,0,0
"nocontrast",32,"noun","contrast",0,0,0,0
"nocontrast",32,"noun","target",0,0,49,0.98
"nocontrast",32,"prior","competitor",57,0.248908296943231,9,0.18
"nocontrast",32,"prior","distractor",63,0.275109170305677,15,0.3
"nocontrast",32,"prior","contrast",72,0.314410480349345,15,0.3
"nocontrast",32,"prior","target",37,0.161572052401747,11,0.22
"nocontrast",33,"adjective","competitor",66,0.392857142857143,38,0.76
"nocontrast",33,"adjective","distractor",0,0,2,0.04
"nocontrast",33,"adjective","contrast",17,0.101190476190476,1,0.02
"nocontrast",33,"adjective","target",85,0.505952380952381,9,0.18
"nocontrast",33,"noun","competitor",3,0.0508474576271186,6,0.12
"nocontrast",33,"noun","distractor",0,0,0,0
"nocontrast",33,"noun","contrast",6,0.101694915254237,0,0
"nocontrast",33,"noun","target",50,0.847457627118644,44,0.88
"nocontrast",33,"prior","competitor",88,0.352,16,0.32
"nocontrast",33,"prior","distractor",10,0.04,9,0.18
"nocontrast",33,"prior","contrast",104,0.416,12,0.24
"nocontrast",33,"prior","target",48,0.192,13,0.26
"nocontrast",34,"adjective","competitor",42,0.167330677290837,31,0.62
"nocontrast",34,"adjective","distractor",49,0.195219123505976,1,0.02
"nocontrast",34,"adjective","contrast",43,0.171314741035857,10,0.2
"nocontrast",34,"adjective","target",117,0.466135458167331,8,0.16
"nocontrast",34,"noun","competitor",0,0,2,0.04
"nocontrast",34,"noun","distractor",0,0,0,0
"nocontrast",34,"noun","contrast",0,0,1,0.02
"nocontrast",34,"noun","target",0,0,47,0.94
"nocontrast",34,"prior","competitor",18,0.0845070422535211,14,0.28
"nocontrast",34,"prior","distractor",62,0.291079812206573,8,0.16
"nocontrast",34,"prior","contrast",49,0.230046948356808,10,0.2
"nocontrast",34,"prior","target",84,0.394366197183099,18,0.36
"nocontrast",35,"adjective","competitor",8,0.0323886639676113,18,0.36
"nocontrast",35,"adjective","distractor",111,0.449392712550607,3,0.06
"nocontrast",35,"adjective","contrast",31,0.125506072874494,3,0.06
"nocontrast",35,"adjective","target",97,0.392712550607287,26,0.52
"nocontrast",35,"noun","competitor",0,0,0,0
"nocontrast",35,"noun","distractor",0,0,2,0.04
"nocontrast",35,"noun","contrast",0,0,0,0
"nocontrast",35,"noun","target",0,0,48,0.96
"nocontrast",35,"prior","competitor",68,0.28936170212766,15,0.3
"nocontrast",35,"prior","distractor",108,0.459574468085106,9,0.18
"nocontrast",35,"prior","contrast",46,0.195744680851064,8,0.16
"nocontrast",35,"prior","target",13,0.0553191489361702,18,0.36
"nocontrast",36,"adjective","competitor",117,0.438202247191011,45,0.9
"nocontrast",36,"adjective","distractor",60,0.224719101123595,1,0.02
"nocontrast",36,"adjective","contrast",29,0.108614232209738,1,0.02
"nocontrast",36,"adjective","target",61,0.228464419475655,3,0.06
"nocontrast",36,"noun","competitor",0,0,3,0.06
"nocontrast",36,"noun","distractor",0,0,0,0
"nocontrast",36,"noun","contrast",0,0,0,0
"nocontrast",36,"noun","target",0,0,47,0.94
"nocontrast",36,"prior","competitor",59,0.331460674157303,17,0.34
"nocontrast",36,"prior","distractor",18,0.101123595505618,13,0.26
"nocontrast",36,"prior","contrast",65,0.365168539325843,14,0.28
"nocontrast",36,"prior","target",36,0.202247191011236,6,0.12
"nocontrast",37,"adjective","competitor",78,0.308300395256917,30,0.6
"nocontrast",37,"adjective","distractor",31,0.122529644268775,1,0.02
"nocontrast",37,"adjective","contrast",46,0.181818181818182,0,0
"nocontrast",37,"adjective","target",98,0.387351778656126,19,0.38
"nocontrast",37,"noun","competitor",2,0.222222222222222,5,0.1
"nocontrast",37,"noun","distractor",1,0.111111111111111,0,0
"nocontrast",37,"noun","contrast",2,0.222222222222222,0,0
"nocontrast",37,"noun","target",4,0.444444444444444,45,0.9
"nocontrast",37,"prior","competitor",73,0.299180327868852,21,0.42
"nocontrast",37,"prior","distractor",92,0.377049180327869,7,0.14
"nocontrast",37,"prior","contrast",48,0.19672131147541,7,0.14
"nocontrast",37,"prior","target",31,0.127049180327869,15,0.3
"nocontrast",38,"adjective","competitor",114,0.478991596638655,33,0.66
"nocontrast",38,"adjective","distractor",34,0.142857142857143,1,0.02
"nocontrast",38,"adjective","contrast",28,0.117647058823529,1,0.02
"nocontrast",38,"adjective","target",62,0.260504201680672,15,0.3
"nocontrast",38,"noun","competitor",0,0,4,0.08
"nocontrast",38,"noun","distractor",0,0,0,0
"nocontrast",38,"noun","contrast",0,0,1,0.02
"nocontrast",38,"noun","target",0,0,45,0.9
"nocontrast",38,"prior","competitor",95,0.431818181818182,10,0.2
"nocontrast",38,"prior","distractor",62,0.281818181818182,12,0.24
"nocontrast",38,"prior","contrast",55,0.25,17,0.34
"nocontrast",38,"prior","target",8,0.0363636363636364,11,0.22
"nocontrast",39,"adjective","competitor",57,0.268867924528302,30,0.6
"nocontrast",39,"adjective","distractor",0,0,2,0.04
"nocontrast",39,"adjective","contrast",0,0,0,0
"nocontrast",39,"adjective","target",155,0.731132075471698,18,0.36
"nocontrast",39,"noun","competitor",23,0.418181818181818,19,0.38
"nocontrast",39,"noun","distractor",0,0,0,0
"nocontrast",39,"noun","contrast",0,0,0,0
"nocontrast",39,"noun","target",32,0.581818181818182,31,0.62
"nocontrast",39,"prior","competitor",42,0.181034482758621,11,0.22
"nocontrast",39,"prior","distractor",8,0.0344827586206897,18,0.36
"nocontrast",39,"prior","contrast",101,0.435344827586207,14,0.28
"nocontrast",39,"prior","target",81,0.349137931034483,7,0.14
"nocontrast",40,"adjective","competitor",96,0.432432432432432,25,0.5
"nocontrast",40,"adjective","distractor",3,0.0135135135135135,1,0.02
"nocontrast",40,"adjective","contrast",9,0.0405405405405405,3,0.06
"nocontrast",40,"adjective","target",114,0.513513513513513,21,0.42
"nocontrast",40,"noun","competitor",0,0,21,0.42
"nocontrast",40,"noun","distractor",0,0,0,0
"nocontrast",40,"noun","contrast",0,0,0,0
"nocontrast",40,"noun","target",0,0,29,0.58
"nocontrast",40,"prior","competitor",51,0.218884120171674,11,0.22
"nocontrast",40,"prior","distractor",64,0.274678111587983,14,0.28
"nocontrast",40,"prior","contrast",49,0.210300429184549,16,0.32
"nocontrast",40,"prior","target",69,0.296137339055794,9,0.18
